simTime,usv_north_m,usv_east_m,target_north_m,target_east_m,horizontal_distance_m,height_m,distance_3d_m,inside_fov,channel_transfer_H,P_rec_W,P_rec_dBm
0.0,0.0,0.0,30.0,0.0,30.0,5.0,30.4138126514911,True,6.2243202927354504e-09,1.24486405854709e-07,-39.04878071737969
0.2,5.2001818687942206e-05,-2.5461066201571203e-06,30.0,0.3,30.00144798874303,5.0,30.415240939720555,True,6.223424968630234e-09,1.2446849937260467e-07,-39.049405463967794
0.4,0.0008078471106525,-4.2301215935621374e-05,30.0,0.6000000000000003,30.005192560442374,5.0,30.418934573538674,True,6.221110402030702e-09,1.2442220804061405e-07,-39.0510209578112
0.6000000000000001,0.0041258546566274,-0.0002237516371351,30.0,0.9000000000000006,30.00937967613277,5.0,30.423064746114758,True,6.218523636241887e-09,1.2437047272483774e-07,-39.05282714940943
0.8,0.012943162799093,-0.0006864687182552,30.0,1.2000000000000008,30.011085047923224,5.0,30.424746929985808,True,6.217470477599752e-09,1.2434940955199504e-07,-39.053562725486024
1.0,0.0308492522061885,-0.0014667841348718,30.0,1.500000000000001,30.006739227177796,5.0,30.420460204406027,True,6.220154718912587e-09,1.2440309437825175e-07,-39.05168816954799
1.2000000000000002,0.0616215420666499,-0.0022900025571096,30.0,1.8000000000000014,29.99257831437246,5.0,30.406491970363255,True,6.228911953109865e-09,1.245782390621973e-07,-39.045578122560315
1.4,0.1087639449234927,-0.0023982488734412,30.0,2.100000000000001,29.965080865854038,5.0,30.379369172140027,True,6.245963063629199e-09,1.24919261272584e-07,-39.03370592695033
1.6,0.1749183068180894,-0.0005231519447167,30.0,2.399999999999999,29.92153086671866,5.0,30.336413918062192,True,6.273094357393228e-09,1.2546188714786456e-07,-39.01488184264488
1.8,0.2614735509534634,0.0049739489754188,30.0,2.699999999999997,29.86039384831254,5.0,30.276114690896872,True,6.311444788213186e-09,1.2622889576426372e-07,-38.988412169262865
2.0,0.3686486534683049,0.0159022024567818,30.0,2.999999999999995,29.781232719397426,5.0,30.198043351960866,True,6.361561690507282e-09,1.2723123381014565e-07,-38.954062612797976
2.2,0.4957118514287567,0.0340728416318704,30.0,3.299999999999993,29.684495942456024,5.0,30.102646052426824,True,6.423519928623033e-09,1.2847039857246065e-07,-38.911969285007515
2.4000000000000004,0.6412151622422821,0.0611801588969156,30.0,3.599999999999991,29.57129508522644,5.0,29.99102354067859,True,6.497036438656495e-09,1.299407287731299e-07,-38.86254701821371
2.6,0.8032075772628903,0.0987210105766601,30.0,3.899999999999989,29.443206512399943,5.0,29.86473521951652,True,6.581563915273434e-09,1.3163127830546867e-07,-38.80640901136792
2.8000000000000003,0.9786436299848068,0.1476527574924367,30.0,4.19999999999999,29.302911864340036,5.0,29.72643005356143,True,6.675816330532281e-09,1.3351632661064562e-07,-38.744656247610465
3.0,1.1631453382198464,0.2079765146283877,30.0,4.499999999999993,29.1545134135971,5.0,29.580156395523222,True,6.777457247433097e-09,1.3554914494866193e-07,-38.67903217627938
3.2,1.3532824437414657,0.2794817822510645,30.0,4.799999999999995,29.00119845290968,5.0,29.429058967371873,True,6.884616751910937e-09,1.3769233503821875e-07,-38.61090235075378
3.4000000000000004,1.5469676623111286,0.3621895292465402,30.0,5.099999999999998,28.844789776775105,5.0,29.274936332404714,True,6.9962495368692386e-09,1.3992499073738476e-07,-38.54104713170226
3.6,1.7434190403241228,0.4566285794319998,30.0,5.4,28.68573318798747,5.0,29.11822948828458,True,7.112229290439031e-09,1.422445858087806e-07,-38.469642549723936
3.8,1.9431259885859051,0.5641324664325078,30.0,5.700000000000003,28.52306636066179,5.0,28.95799224073928,True,7.233473920536241e-09,1.4466947841072482e-07,-38.39623084333449
4.0,2.1473478268315134,0.6866908904342357,30.0,6.000000000000005,28.354919974729285,5.0,28.792385916649938,True,7.3616790925507666e-09,1.4723358185101532e-07,-38.319931224087455
4.2,2.3552944940819214,0.8246590829003098,30.0,6.300000000000008,28.181715715467067,5.0,28.621829093672602,True,7.496886545576994e-09,1.4993773091153988e-07,-38.24089065852544
4.4,2.5637907274265457,0.975945298967293,30.0,6.60000000000001,28.006705813584247,5.0,28.449526718886798,True,7.63684294674317e-09,1.527368589348634e-07,-38.16056144997549
4.6000000000000005,2.768752222875189,1.136838277357202,30.0,6.900000000000013,27.83441913423918,5.0,28.27993791613589,True,7.777999656318266e-09,1.5555999312636532e-07,-38.081020847144835
4.800000000000001,2.967659718050345,1.304255780482428,30.0,7.200000000000015,27.667801159851734,5.0,28.115960254294944,True,7.91779574765712e-09,1.583559149531424e-07,-38.00365710103664
5.0,3.159575008072013,1.4759456687919583,30.0,7.500000000000018,27.508137783802432,5.0,27.958856277263184,True,8.054875124884375e-09,1.6109750249768752e-07,-37.92911192416788
5.2,3.3444605761407877,1.6499559822200782,30.0,7.80000000000002,27.35581882155136,5.0,27.809006156235494,True,8.188573883459287e-09,1.6377147766918575e-07,-37.857617324259344
5.4,3.522375067504528,1.8237181915022005,30.0,8.10000000000002,27.21132733634261,5.0,27.666881562720196,True,8.318113234554727e-09,1.6636226469109455e-07,-37.78945176211943
5.6000000000000005,3.6944861839500898,1.9954948577203528,30.0,8.400000000000013,27.07393106373508,5.0,27.531758811305163,True,8.443803398127734e-09,1.6887606796255468e-07,-37.72431891507868
5.800000000000001,3.865023279767269,2.1673269756646194,30.0,8.700000000000006,26.939057611764856,5.0,27.39913912899429,True,8.569626642307757e-09,1.7139253284615513e-07,-37.66008103150002
6.0,4.038558005084187,2.341613798837192,30.0,9.0,26.801689820964903,5.0,27.264089518251176,True,8.700323917135517e-09,1.7400647834271034e-07,-37.59434582429376
6.2,4.218620137216893,2.519777468480537,30.0,9.299999999999994,26.65803753478568,5.0,27.122886373062183,True,8.839819095636613e-09,1.7679638191273226e-07,-37.525266269440635
6.4,4.4072789957699365,2.7021284603811484,30.0,9.599999999999987,26.505999324255676,5.0,26.973468449152815,True,8.990678955365297e-09,1.7981357910730595e-07,-37.45177514445448
6.6000000000000005,4.6053508982979485,2.888276208654898,30.0,9.89999999999998,26.344875659693127,5.0,26.815153803860447,True,9.154270445410342e-09,1.8308540890820683e-07,-37.37346265655445
6.800000000000001,4.81272970857793,3.0775029532067446,30.0,10.199999999999974,26.174960342180675,5.0,26.648237257175776,True,9.331054437141516e-09,1.8662108874283033e-07,-37.290392812372126
7.0,5.028806557960684,3.26921095404009,30.0,10.499999999999968,25.997015446910837,5.0,26.473473745372377,True,9.521035301661754e-09,1.9042070603323509e-07,-37.202858289187574
7.2,5.25278266237779,3.4632116098446653,30.0,10.799999999999962,25.81188156329226,5.0,26.291695073490924,True,9.72412481899112e-09,1.9448249637982242e-07,-37.111194795193924
7.4,5.483972838956348,3.659912253349341,30.0,11.099999999999955,25.620118919296427,5.0,26.103457499704724,True,9.940531513768202e-09,1.9881063027536403e-07,-37.01560397873794
7.6,5.72167995271791,3.86002223214814,30.0,11.399999999999949,25.422196778759286,5.0,25.90922787460018,True,1.0170575045805094e-08,2.0341150091610187e-07,-36.916244956453575
7.800000000000001,5.9651507975143225,4.06446330895331,30.0,11.699999999999942,25.218552629890276,5.0,25.709441782087485,True,1.0414625804597874e-08,2.0829251609195749e-07,-36.81326333884972
8.0,6.213526231636847,4.274172385502939,30.0,11.999999999999936,25.009693054133084,5.0,25.50460246037865,True,1.0672980835106086e-08,2.1345961670212172e-07,-36.706842747481325
8.200000000000001,6.465853224197469,4.4896639140722,30.0,12.29999999999993,24.796318562241485,5.0,25.29540302584961,True,1.0945683773812409e-08,2.1891367547624818e-07,-36.59727107329471
8.4,6.721247204700592,4.710748010015413,30.0,12.599999999999923,24.579272338011442,5.0,25.082675867341877,True,1.1232544661715035e-08,2.246508932343007e-07,-36.484918502694576
8.6,6.979223073250831,4.936633320721598,30.0,12.899999999999917,24.359215487773554,5.0,24.867074198220163,True,1.1533546710227865e-08,2.306709342045573e-07,-36.37007125504178
8.8,7.239807846689441,5.166167226515404,30.0,13.19999999999991,24.136462373097125,5.0,24.64891104872451,True,1.1849113372043374e-08,2.3698226744086748e-07,-36.25284149520273
9.0,7.503443732568946,5.397930197667868,30.0,13.499999999999904,23.911055580537468,5.0,24.42823323483612,True,1.2180075847993017e-08,2.4360151695986036e-07,-36.13320011584132
9.2,7.770906833476373,5.63042352776886,30.0,13.799999999999898,23.682790434018077,5.0,24.204845852465535,True,1.2527707928343012e-08,2.5055415856686026e-07,-36.010983846690515
9.4,8.043105151742186,5.862289502218726,30.0,14.099999999999891,23.451334836693295,5.0,23.978430007460968,True,1.28936114339036e-08,2.57872228678072e-07,-35.88595426304447
9.6,8.320800432970747,6.092371477100732,30.0,14.399999999999883,23.216467981619616,5.0,23.748776506202773,True,1.327937122879072e-08,2.655874245758144e-07,-35.757924924313826
9.8,8.604478403359147,6.319738124495245,30.0,14.699999999999878,22.97818821174467,5.0,23.515891084421227,True,1.3686351241102286e-08,2.737270248220457e-07,-35.62682322970982
10.0,8.894176450705311,6.54365293472779,30.0,14.999999999999872,22.736877388557517,5.0,23.28015449652983,True,1.4115337123365537e-08,2.8230674246731076e-07,-35.49278749265836
10.2,9.18937632650012,6.763610889671168,30.0,15.299999999999866,22.493376730117067,5.0,23.04239563767127,True,1.4566258024049706e-08,2.9132516048099414e-07,-35.356220056360364
10.4,9.489200895241364,6.979474062186056,30.0,15.59999999999986,22.24873810714415,5.0,22.803647676639105,True,1.5038485210848584e-08,3.0076970421697167e-07,-35.21765911278608
10.6,9.792535420959007,7.191457104918369,30.0,15.899999999999851,22.004098347095947,5.0,22.565024796544552,True,1.553097242608071e-08,3.106194485216142e-07,-35.07771355686694
10.8,10.098051525843548,7.400099146991796,30.0,16.199999999999857,21.76064815419684,5.0,22.327691508321013,True,1.6042244983226525e-08,3.208448996645305e-07,-34.93704860113343
11.0,10.404325724865194,7.606335808461001,30.0,16.49999999999987,21.51947288037141,5.0,22.09270723675667,True,1.657068659405321e-08,3.314137318810642e-07,-34.79629500875583
11.2,10.710097982346989,7.811676940287264,30.0,16.79999999999988,21.281218745091063,5.0,21.86070152754516,True,1.711532298120324e-08,3.423064596240648e-07,-34.65584905265815
11.4,11.014435905148494,8.01817689922698,30.0,17.09999999999989,21.045929650016582,5.0,21.631716409786975,True,1.767639777928803e-08,3.535279555857606e-07,-34.515762382275
11.6,11.316708131638958,8.227883556710827,30.0,17.399999999999903,20.813291788845408,5.0,21.405445921251435,True,1.8255040007288262e-08,3.651008001457652e-07,-34.37587215260325
11.8,11.616440409817804,8.442399502821356,30.0,17.699999999999914,20.582964562257313,5.0,21.181558728553014,True,1.8852579337340908e-08,3.7705158674681814e-07,-34.23599227229727
12.0,11.91327390642044,8.662779647884712,30.0,17.999999999999925,20.35468851857297,5.0,20.959803068925204,True,1.947027590615509e-08,3.8940551812310177e-07,-34.09597898544201
12.2,12.206902763291986,8.889534895614373,30.0,18.299999999999937,20.128367115983473,5.0,20.740085890752834,True,2.0109051956843584e-08,4.0218103913687166e-07,-33.95578408111072
12.4,12.497058078368688,9.122729665845348,30.0,18.599999999999948,19.90406061331822,5.0,20.522466442868062,True,2.076942193632938e-08,4.1538843872658763e-07,-33.81545595107418
12.6,12.783559849687595,9.36211973377146,30.0,18.89999999999996,19.681894507953242,5.0,20.307067031509007,True,2.1451683182357578e-08,4.2903366364715157e-07,-33.675086300469424
12.8,13.06632061591026,9.607214675747723,30.0,19.19999999999997,19.4620406884873,5.0,20.094054537607267,True,2.2155930215951693e-08,4.431186043190339e-07,-33.53480015747039
13.0,13.345436035984251,9.85736640502042,30.0,19.499999999999982,19.24460660752826,5.0,19.88353297275211,True,2.2882392973067604e-08,4.576478594613521e-07,-33.39468564605959
13.2,13.621214093053888,10.111893824529982,30.0,19.799999999999997,19.029556722445136,5.0,19.675467695908957,True,2.36317530724225e-08,4.7263506144845e-07,-33.25474064276261
13.4,13.894092386554046,10.370089290253992,30.0,20.100000000000005,18.81678565729244,5.0,19.469756610509705,True,2.440497398806541e-08,4.880994797613082e-07,-33.11491655234103
13.6,14.164667648851616,10.631266097669808,30.0,20.400000000000016,18.606071931653446,5.0,19.266185733711335,True,2.5203536613619734e-08,5.040707322723947e-07,-32.97508518157172
13.8,14.433640225652317,10.894762234650155,30.0,20.700000000000028,18.39712597824652,5.0,19.06447597652432,True,2.602934744601674e-08,5.205869489203348e-07,-32.835067238236505
14.0,14.701760632762882,11.159888100660211,30.0,21.00000000000004,18.1896654705031,5.0,18.86435606981624,True,2.6884495136734967e-08,5.376899027346994e-07,-32.69468119051571
14.2,14.969869048885323,11.42592609549142,30.0,21.30000000000005,17.983385995950645,5.0,18.665534331471836,True,2.7771394340928512e-08,5.554278868185703e-07,-32.55372319062927
14.4,15.238848671221463,11.6921584784531,30.0,21.600000000000065,17.777989542329877,5.0,18.46772623165046,True,2.8692699923469443e-08,5.738539984693888e-07,-32.41198587958449
14.6,15.509464866434898,11.957933822495216,30.0,21.900000000000077,17.5732833680838,5.0,18.270749528548922,True,2.965085660271403e-08,5.930171320542806e-07,-32.26932759841198
14.8,15.782251468356431,12.222716454710056,30.0,22.200000000000085,17.36924178691079,5.0,18.074583266348576,True,3.064771186220055e-08,6.129542372440109e-07,-32.12571948408654
15.0,16.05744195152983,12.486115700837294,30.0,22.500000000000096,17.166036341915962,5.0,17.879396066198083,True,3.168419879448128e-08,6.336839758896256e-07,-31.981272748389415
15.2,16.334939055480138,12.747919451184693,30.0,22.800000000000107,16.964027056607616,5.0,17.685536858611766,True,3.276016368811879e-08,6.552032737623758e-07,-31.836239412638424
15.4,16.61431913554989,13.00809787007198,30.0,23.10000000000012,16.76373886711893,5.0,17.493511391511824,True,3.387425812913663e-08,6.774851625827327e-07,-31.69100211714083
15.6,16.894883006996974,13.26688611049801,30.0,23.40000000000013,16.565750465883443,5.0,17.303874956145446,True,3.502435489663953e-08,7.004870979327906e-07,-31.545998594477233
15.8,17.17579808519355,13.524905018961494,30.0,23.70000000000014,16.370482968589634,5.0,17.11702990080006,True,3.620873232538699e-08,7.241746465077398e-07,-31.40156683985356
16.0,17.45608752645956,13.78307964650626,30.0,24.000000000000156,16.17823234019963,5.0,16.93325726650018,True,3.74260174512629e-08,7.48520349025258e-07,-31.257963885750982
16.2,17.73463332435477,14.042528794138532,30.0,24.300000000000164,15.989213089677333,5.0,16.752759033278934,True,3.867502145797024e-08,7.735004291594048e-07,-31.115394410059718
16.400000000000002,18.010383530167022,14.304460354844242,30.0,24.600000000000176,15.803450246027536,5.0,16.57555548627761,True,3.995558509735319e-08,7.991117019470638e-07,-30.973925096114982
16.6,18.28245843839945,14.569951734230315,30.0,24.900000000000187,15.620841123991097,5.0,16.40154497054992,True,4.126838408416223e-08,8.253676816832447e-07,-30.833525404760728
16.8,18.550160445019564,14.839841929495202,30.0,25.2000000000002,15.441233793989532,5.0,16.230579197325163,True,4.261451953458131e-08,8.522903906916262e-07,-30.6941240806465
17.0,18.81293548702621,15.1147281109154,30.0,25.50000000000021,15.26447786947371,5.0,16.06251177828837,True,4.399519768497515e-08,8.79903953699503e-07,-30.555647308666458
17.2,19.07030641443881,15.3950168752242,30.0,25.80000000000022,15.09045644442643,5.0,15.89722855409493,True,4.5411473336078034e-08,9.082294667215607e-07,-30.418044118966534
17.400000000000002,19.321844472614195,15.680998181297372,30.0,26.100000000000232,14.919068481817941,5.0,15.734630734948103,True,4.686435645324757e-08,9.372871290649515e-07,-30.281273467147436
17.6,19.56717476505825,15.972830973530002,30.0,26.400000000000244,14.750243939996984,5.0,15.574649154617184,True,4.835465638148291e-08,9.670931276296582e-07,-30.14531702888803
17.8,19.8060049303922,16.27049508172646,30.0,26.70000000000025,14.583967509545726,5.0,15.417266564455755,True,4.9882709556223244e-08,9.976541911244649e-07,-30.010199686442686
18.0,20.03815862718595,16.573795757791363,30.0,27.000000000000263,14.420264159763668,5.0,15.262503675261296,True,5.1448420247978266e-08,1.0289684049595653e-06,-29.8759796028361
18.2,20.26358614272447,16.88240081440969,30.0,27.30000000000028,14.259176960531933,5.0,15.110397995809532,True,5.3051403767272006e-08,1.0610280753454401e-06,-29.742731242925476
18.4,20.482384066024466,17.195924638587773,30.0,27.60000000000029,14.1007020106311,5.0,14.96094238985686,True,5.469162877519649e-08,1.0938325755039299e-06,-29.610491470146457
18.6,20.694759700706747,17.513978985178266,30.0,27.9000000000003,13.944781444967724,5.0,14.814078761364682,True,5.636958196705434e-08,1.1273916393410869e-06,-29.47925190201918
18.8,20.900998345364496,17.83619562567828,30.0,28.200000000000312,13.791311475718187,5.0,14.669705935030741,True,5.8086288216877e-08,1.16172576433754e-06,-29.34896378908711
19.0,21.101433019658234,18.162210553955216,30.0,28.500000000000323,13.64017539969301,5.0,14.52771093236613,True,5.984302413427227e-08,1.1968604826854453e-06,-29.219564720925597
19.200000000000003,21.2964506840107,18.491645846365373,30.0,28.80000000000033,13.491254057819122,5.0,14.387978873094752,True,6.164122803371769e-08,1.2328245606743539e-06,-29.09098722067791
19.4,21.486519754925716,18.82412034873682,30.0,29.100000000000342,13.344401391239767,5.0,14.250370117667886,True,6.348282960807226e-08,1.2696565921614453e-06,-28.963137280965615
19.6,21.672185622227698,19.159289159560497,30.0,29.40000000000036,13.199418579169828,5.0,14.114696271196687,True,6.537067132748394e-08,1.3074134265496788e-06,-28.835870593375972
19.8,21.85402150449447,19.49682098365057,30.0,29.70000000000037,13.056103082042492,5.0,13.980766348413075,True,6.730798392523708e-08,1.3461596785047416e-06,-28.709034219988165
20.0,22.03262423873407,19.83640512362996,30.0,30.00000000000038,12.914245519277964,5.0,13.848383924927521,True,6.929846898463237e-08,1.3859693796926474e-06,-28.582463645131124
20.200000000000003,22.208587519769598,20.17775314475952,30.0,30.30000000000039,12.77364434433352,5.0,13.717360891786864,True,7.13461313644861e-08,1.426922627289722e-06,-28.45599575204996
20.4,22.382463368668173,20.52060605993464,30.0,30.600000000000403,12.634122309393584,5.0,13.587532760906841,True,7.345503988547273e-08,1.4691007977094548e-06,-28.329484054437817
20.6,22.554723164146825,20.86472618719353,30.0,30.90000000000041,12.495553915713359,5.0,13.458784033503898,True,7.562885615897367e-08,1.5125771231794734e-06,-28.202824723334384
20.8,22.7257558365646,21.20990071029302,30.0,31.200000000000426,12.357860331282533,5.0,13.331043168765392,True,7.787079901644928e-08,1.5574159803289855e-06,-28.075953734095563
21.0,22.895848984387644,21.555950512887613,30.0,31.50000000000044,12.221009854131326,5.0,13.204282708832578,True,8.018351784713669e-08,1.6036703569427337e-06,-27.94884898441903
21.200000000000003,23.065196590646043,21.90273043084909,30.0,31.80000000000045,12.085009029820243,5.0,13.078510742849769,True,8.256911633856598e-08,1.6513823267713197e-06,-27.8215236757029
21.4,23.233895294374257,22.250132626543365,30.0,32.100000000000456,11.949897914299742,5.0,12.953766253958163,True,8.502911898210784e-08,1.7005823796421569e-06,-27.694023251205913
21.6,23.401934670049503,22.598096019247528,30.0,32.40000000000047,11.815743215989212,5.0,12.830112538329315,True,8.756448398370844e-08,1.7512896796741688e-06,-27.566420116100602
21.8,23.56920473180329,22.94660921153655,30.0,32.70000000000048,11.682626402224553,5.0,12.707626043205481,True,9.017573335103302e-08,1.8035146670206603e-06,-27.438803214464013
22.0,23.735498954803493,23.295703990060613,30.0,33.00000000000049,11.550642163698223,5.0,12.586394813202197,True,9.286291075549115e-08,1.857258215109823e-06,-27.31127711983723
22.200000000000003,23.90052076711713,23.64546500341664,30.0,33.3000000000005,11.41988147541961,5.0,12.466502834100346,True,9.562587120466085e-08,1.912517424093217e-06,-27.18394599493003
22.4,24.0639015112254,23.99599677842677,30.0,33.60000000000051,11.290444771949021,5.0,12.348042077529174,True,9.846397406804021e-08,1.969279481360804e-06,-27.056926441465844
22.6,24.22517094222532,24.34741203406066,30.0,33.900000000000524,11.162463325518159,5.0,12.231131897479395,True,1.0137552036196872e-07,2.0275104072393743e-06,-26.930369078714147
22.8,24.38371622257384,24.69984075295007,30.0,34.200000000000536,11.036107519768857,5.0,12.115926262069223,True,1.0435738974219569e-07,2.0871477948439136e-06,-26.804467966400903
23.0,24.53879464913368,25.05349196731928,30.0,34.50000000000055,10.911520420905722,5.0,12.002552974090245,True,1.0740648269178183e-07,2.1481296538356367e-06,-26.679395096363265
23.200000000000003,24.68962506428084,25.40866204630829,30.0,34.80000000000056,10.788758525352913,5.0,11.891060109106133,True,1.1052132643699379e-07,2.210426528739876e-06,-26.555239158149426
23.4,24.835516237252413,25.76566127263145,30.0,35.10000000000057,10.667791337148772,5.0,11.781416383989932,True,1.1370244974572721e-07,2.2740489949145442e-06,-26.43200182571853
23.6,24.975921427658275,26.12470594733894,30.0,35.40000000000058,10.548575508778601,5.0,11.673578939828339,True,1.1695072487396553e-07,2.3390144974793105e-06,-26.309670863756466
23.8,25.11040098239378,26.485932717294933,30.0,35.70000000000059,10.431069669175955,5.0,11.567506837828217,True,1.2026700660901271e-07,2.4053401321802545e-06,-26.18823502623058
24.0,25.2386264430611,26.84940711528327,30.0,36.000000000000604,10.315232827743467,5.0,11.463159612016073,True,1.2365217463896965e-07,2.473043492779393e-06,-26.06768245746266
24.200000000000003,25.360405938764377,27.21510465706982,30.0,36.300000000000615,10.20103702792312,5.0,11.360508634962544,True,1.2710674684076287e-07,2.5421349368152576e-06,-25.94801400769054
24.4,25.47569272322355,27.58291228103193,30.0,36.60000000000063,10.088470016125758,5.0,11.259539389613966,True,1.3063072953592706e-07,2.6126145907185414e-06,-25.829246520673625
24.6,25.584596001004368,27.952654149405827,30.0,36.90000000000064,9.97751423173642,5.0,11.160232535413535,True,1.342242251048126e-07,2.684484502096252e-06,-25.711390989361718
24.8,25.68736204933201,28.32412031630601,30.0,37.20000000000065,9.868134892317041,5.0,11.062553333338785,True,1.3788786501410893e-07,2.7577573002821786e-06,-25.594439570819016
25.0,25.78435291834452,28.697094904307782,30.0,37.50000000000066,9.760267334496838,5.0,10.966440554749113,True,1.4162335348179595e-07,2.8324670696359187e-06,-25.478351305584898
25.200000000000003,25.876023044310404,29.0713662996282,30.0,37.80000000000067,9.653819565660884,5.0,10.871809058585278,True,1.454335544510485e-07,2.9086710890209703e-06,-25.363053857654194
25.4,25.96291911887234,29.4467193041202,30.0,38.10000000000068,9.548679952876434,5.0,10.778556899811045,True,1.493223802064476e-07,2.986447604128952e-06,-25.248451003501202
25.6,26.045685549660053,29.82297302182813,30.0,38.400000000000695,9.444680754608243,5.0,10.686533327345558,True,1.5329635089476505e-07,3.065927017895301e-06,-25.13438187414648
25.8,26.12503485069761,30.19995858279981,30.0,38.70000000000071,9.341630425275817,5.0,10.595567894286688,True,1.573636854089003e-07,3.1472737081780064e-06,-25.020654862630288
26.0,26.2017551549395,30.577498900445168,30.0,39.00000000000072,9.239328367096988,5.0,10.505483743028833,True,1.6153389793213712e-07,3.2306779586427423e-06,-24.90706331290617
26.200000000000003,26.27674347887468,30.95540253853304,30.0,39.30000000000073,9.13755688989323,5.0,10.416090721380801,True,1.6581826927185626e-07,3.316365385437125e-06,-24.793376264519452
26.4,26.35101905843415,31.333497252892013,30.0,39.60000000000074,9.036046125372918,5.0,10.327154960581685,True,1.7023159433230388e-07,3.4046318866460776e-06,-24.679298377132135
26.6,26.42563699931269,31.711618005741013,30.0,39.90000000000075,8.934521282340732,5.0,10.238440825858177,True,1.7479050033896046e-07,3.495810006779209e-06,-24.56452178797815
26.8,26.5015954924394,32.08962292599377,30.0,40.20000000000076,8.832726101328996,5.0,10.1497315423167,True,1.7951251616211016e-07,3.590250323242203e-06,-24.4487527002537
27.0,26.57973668086682,32.467385691549815,30.0,40.50000000000077,8.730469277223241,5.0,10.060869435617326,True,1.8441382644768405e-07,3.688276528953681e-06,-24.331765251193602
27.200000000000003,26.660698324158112,32.84477663851502,30.0,40.80000000000079,8.627659845717691,5.0,9.971785918952001,True,1.895071284358016e-07,3.790142568716032e-06,-24.21344453450891
27.4,26.74493307974465,33.22166394038282,30.0,41.1000000000008,8.524297022254538,5.0,9.882491574679818,True,1.9480144837015349e-07,3.896028967403069e-06,-24.093778227542693
27.6,26.832750540307195,33.597916812855885,30.0,41.40000000000081,8.420449584140615,5.0,9.793057295811858,True,2.0030253231589754e-07,4.00605064631795e-06,-23.972835644589736
27.8,26.92434482980608,33.97340795524061,30.0,41.70000000000082,8.31624190076818,5.0,9.703601359912327,True,2.0601299948114238e-07,4.120259989622848e-06,-23.850753789920866
28.0,27.0197850603773,34.34802470056534,30.0,42.00000000000083,8.211845533710509,5.0,9.614281412020413,True,2.1193225622628763e-07,4.238645124525753e-06,-23.727729426938275
28.200000000000003,27.11902849427029,34.72168272470594,30.0,42.30000000000084,8.107458883143327,5.0,9.525276349894508,True,2.1805715783108696e-07,4.361143156621739e-06,-23.603996571673342
28.4,27.22194484265616,35.09433306837158,30.0,42.60000000000085,8.003288483229738,5.0,9.436769921207032,True,2.2438276579055033e-07,4.487655315811006e-06,-23.479805074091896
28.6,27.328343978039143,35.46596228261006,30.0,42.90000000000087,7.899535599215245,5.0,9.34893912073819,True,2.3090297540792842e-07,4.618059508158569e-06,-23.355404750787862
28.8,27.437994402154803,35.836567417716395,30.0,43.20000000000088,7.796410204526108,5.0,9.261965886205736,True,2.3760950081120328e-07,4.752190016224066e-06,-23.23106202423386
29.0,27.550574731512256,36.206141224292224,30.0,43.50000000000089,7.694157522814863,5.0,9.17605906617261,True,2.444898139128137e-07,4.889796278256274e-06,-23.10709234347172
29.200000000000003,27.665640288186932,36.574755183472334,30.0,43.8000000000009,7.592983466524137,5.0,9.091391418419345,True,2.515318610444896e-07,5.0306372208897925e-06,-22.98377000234669
29.4,27.78264808845533,36.94254213159336,30.0,44.10000000000091,7.493053625702936,5.0,9.008099279962444,True,2.587244481228897e-07,5.174488962457793e-06,-22.86132535096901
29.6,27.900966588860147,37.30968548229385,30.0,44.40000000000092,7.394491275340655,5.0,8.926281489012604,True,2.660577572737278e-07,5.321155145474556e-06,-22.73994078447722
29.8,28.019849720122902,37.67638116898625,30.0,44.70000000000093,7.297411637990649,5.0,8.846028296036666,True,2.735211004535695e-07,5.47042200907139e-06,-22.619791692531276
30.0,28.138406250593803,38.04291534271905,30.0,45.00000000000095,7.20184408442834,5.0,8.767357538986047,True,2.8110922887726087e-07,5.622184577545217e-06,-22.500949005120173
30.200000000000003,28.255639963793687,38.4096295500828,30.0,45.30000000000096,7.10774203759669,5.0,8.69022421304647,True,2.888225595716847e-07,5.776451191433694e-06,-22.383388919105375
30.4,28.37050441778214,38.77682872458017,30.0,45.60000000000097,7.015049686651905,5.0,8.614576141993,True,2.9666242527248517e-07,5.933248505449704e-06,-22.267074614914076
30.6,28.481957971007336,39.144775589358034,30.0,45.90000000000098,6.9236918215598315,5.0,8.540345920390726,True,3.046321135070416e-07,6.092642270140831e-06,-22.151943207537105
30.8,28.588976123187397,39.513634006203766,30.0,46.20000000000099,6.833628507897046,5.0,8.467495413871992,True,3.1273215780757043e-07,6.2546431561514085e-06,-22.03797462906634
31.0,28.69059469092817,39.88362133822418,30.0,46.500000000001,6.7447022810084905,5.0,8.395892380172649,True,3.209742525830349e-07,6.419485051660699e-06,-21.92499808098087
31.200000000000003,28.785946647146115,40.25491634526512,30.0,46.80000000000101,6.656729346388261,5.0,8.325385612154351,True,3.293740842908652e-07,6.587481685817304e-06,-21.81280579181225
31.4,28.874265032028926,40.627671769490334,30.0,47.10000000000103,6.5694986065588425,5.0,8.255804742214933,True,3.3795187780365285e-07,6.759037556073057e-06,-21.701151404258695
31.6,28.95488734891085,41.001999406678685,30.0,47.40000000000104,6.482798164806601,5.0,8.186981864253752,True,3.4673016680295314e-07,6.934603336059063e-06,-21.589783758145717
31.8,29.027272650647195,41.37797121626543,30.0,47.70000000000105,6.396424504249276,5.0,8.118758922308299,True,3.5573295392896564e-07,7.114659078579313e-06,-21.478459056765487
32.0,29.0909817996263,41.75556653082633,30.0,48.00000000000106,6.310250663766076,5.0,8.051041140098603,True,3.649782937662069e-07,7.299565875324139e-06,-21.367029677641334
32.2,29.14568041690972,42.13469429604116,30.0,48.30000000000107,6.22421532189658,5.0,7.983787094689596,True,3.744784403821734e-07,7.4895688076434675e-06,-21.25543184950949
32.4,29.19117791114919,42.51516744986776,30.0,48.60000000000108,6.138353226605241,5.0,7.917031030290015,True,3.84235357931355e-07,7.684707158627101e-06,-21.143726775221417
32.6,29.2274421607869,42.89664648684593,30.0,48.90000000000109,6.0528587476366935,5.0,7.850929818743895,True,3.9423161786718687e-07,7.884632357343737e-06,-21.03218552036953
32.800000000000004,29.25468538944841,43.278693336724885,30.0,49.200000000001104,5.968028692060806,5.0,7.7857155399655475,True,4.044346232468809e-07,8.088692464937619e-06,-20.92121676305755
33.0,29.273363264592483,43.66085758979401,30.0,49.50000000000112,5.88418091427541,5.0,7.721630982630742,True,4.1480491231406437e-07,8.296098246281287e-06,-20.811261134698853
33.2,29.2841486310964,44.04275817293583,30.0,49.80000000000113,5.8015753582687655,5.0,7.658869148749791,True,4.253058062753188e-07,8.506116125506376e-06,-20.70268692592796
33.4,29.28789663102433,44.4241171626803,30.0,50.10000000000114,5.720379112532646,5.0,7.597548103901665,True,4.3590892490102585e-07,8.718178498020516e-06,-20.595742433807636
33.6,29.285622818881897,44.80478645914714,30.0,50.40000000000115,5.64063376976899,5.0,7.537688592974529,True,4.4660018634644434e-07,8.932003726928886e-06,-20.49051104388742
33.800000000000004,29.27847080144932,45.18479625113088,30.0,50.70000000000116,5.562200713379015,5.0,7.479176209711469,True,4.5738961407060626e-07,9.147792281412125e-06,-20.38683705462393
34.0,29.26769521329121,45.56428337792458,30.0,51.00000000000117,5.484823196435446,5.0,7.421811469995472,True,4.683056464175952e-07,9.366112928351904e-06,-20.284406101814838
34.2,29.25466964906714,45.94350407233445,30.0,51.300000000001184,5.408101880986712,5.0,7.36529469574246,True,4.794008452784429e-07,9.588016905568859e-06,-20.182712088906996
34.4,29.24084643934321,46.32281671199779,30.0,51.6000000000012,5.331508002792494,5.0,7.3092391932293745,True,4.907525588932302e-07,9.815051177864604e-06,-20.081074315498388
34.6,29.227594827306586,46.702536597490905,30.0,51.90000000000121,5.254544278168898,5.0,7.253291361253696,True,5.024407436973153e-07,1.0048814873946306e-05,-19.978851545673706
34.800000000000004,29.216099366291694,47.08285226806959,30.0,52.20000000000122,5.176842774697849,5.0,7.1972009221600395,True,5.145322983037194e-07,1.0290645966074388e-05,-19.875573627792207
35.0,29.207336381063666,47.46387795444482,30.0,52.50000000000123,5.098121307945167,5.0,7.140787132419264,True,5.27085995840512e-07,1.054171991681024e-05,-19.770885267474778
35.2,29.202057027997235,47.84563965020426,30.0,52.80000000000124,5.01820679747348,5.0,7.083953660365732,True,5.401472410992942e-07,1.0802944821985883e-05,-19.66457842141789
35.4,29.20083094082892,48.22809389949236,30.0,53.10000000000125,4.937017342213027,5.0,7.026673483043892,True,5.537491232023706e-07,1.107498246404741e-05,-19.556569527593826
35.6,29.2040677248037,48.6111434937844,30.0,53.40000000000126,4.854549909500856,5.0,6.968978032956825,True,5.679127530564912e-07,1.1358255061129824e-05,-19.44688383020276
35.800000000000004,29.21201786944053,48.99465099108778,30.0,53.70000000000128,4.770872575720746,5.0,6.910949654986955,True,5.826469325600626e-07,1.1652938651201251e-05,-19.335645399542205
36.0,29.224788304997094,49.37845715075035,30.0,54.000000000001286,4.686108351236848,5.0,6.852708331713216,True,5.979494137362618e-07,1.1958988274725235e-05,-19.223055599203065
36.2,29.242353564228317,49.76238510892528,30.0,54.3000000000013,4.600432264619528,5.0,6.794407775616087,True,6.138059898196011e-07,1.2276119796392023e-05,-19.109388821611862
36.4,29.264545309065284,50.14625858095119,30.0,54.60000000000131,4.514056516059634,5.0,6.736223439745778,True,6.301918787665288e-07,1.2603837575330576e-05,-18.994972021810096
36.6,29.291053900512637,50.52991788952775,30.0,54.90000000000132,4.427213821836422,5.0,6.678339780533741,True,6.470738396374559e-07,1.2941476792749119e-05,-18.880161621258587
36.8,29.321425561374664,50.91324672884502,30.0,55.20000000000133,4.3401286705033355,5.0,6.620930212328555,True,6.644152062060759e-07,1.3288304124121517e-05,-18.765304409181645
37.0,29.35510252072269,51.296226074399925,30.0,55.50000000000134,4.252952853764615,5.0,6.564115170862299,True,6.821891568710689e-07,1.3643783137421378e-05,-18.65065192150137
37.2,29.391461043696385,51.67885532673436,30.0,55.80000000000136,4.165831619177148,5.0,6.508006843829845,True,7.003663250395601e-07,1.4007326500791201e-05,-18.53644748136899
37.4,29.429791694416156,52.06117516456715,30.0,56.100000000001366,4.078877733283628,5.0,6.4526927373831295,True,7.18920442161185e-07,1.43784088432237e-05,-18.4228917159167
37.6,29.469283596884075,52.44322845207687,30.0,56.40000000000138,3.992205027675956,5.0,6.398257652126959,True,7.37821640513971e-07,1.475643281027942e-05,-18.310186152804558
37.8,29.50899226638973,52.82512827023612,30.0,56.70000000000139,3.905857078363105,5.0,6.3447395152676815,True,7.57052442401811e-07,1.5141048848036221e-05,-18.198440394239807
38.0,29.547860743830544,53.20701073921668,30.0,57.0000000000014,3.819842593536768,5.0,6.29215364079722,True,7.76601231397658e-07,1.553202462795316e-05,-18.087719294976306
38.2,29.58478603274505,53.58903172653629,30.0,57.30000000000141,3.7341248191869925,5.0,6.240487814687911,True,7.964654765102883e-07,1.5929309530205764e-05,-17.978030486634303
38.400000000000006,29.61876096140569,53.97138083155967,30.0,57.60000000000142,3.6485915466288117,5.0,6.189686605485872,True,8.166598062094859e-07,1.6333196124189718e-05,-17.869288230232446
38.6,29.64904334888297,54.35417829814554,30.0,57.90000000000144,3.5631477814308448,5.0,6.139708634154845,True,8.371950129151097e-07,1.6743900258302197e-05,-17.761433717093837
38.8,29.675237071831067,54.73744063228966,30.0,58.200000000001445,3.477756221249771,5.0,6.090549099583837,True,8.580675044547334e-07,1.7161350089094667e-05,-17.654485490526014
39.0,29.69724194160654,55.12114074152375,30.0,58.50000000000146,3.392396251991013,5.0,6.042214191049724,True,8.792682167669424e-07,1.7585364335338847e-05,-17.54848629497274
39.2,29.71511859588969,55.50520770212013,30.0,58.80000000000147,3.3070853784845107,5.0,5.994732162539544,True,9.007767009623113e-07,1.8015534019246225e-05,-17.443528599263974
39.400000000000006,29.729079292041583,55.88950397380488,30.0,59.10000000000148,3.221906697007978,5.0,5.9481663362943085,True,9.225532560236124e-07,1.845106512047225e-05,-17.339785583617285
39.6,29.7395329841299,56.27388668547149,30.0,59.40000000000149,3.1369455719916512,5.0,5.902578040283586,True,9.445543310260325e-07,1.8891086620520648e-05,-17.237430606211262
39.8,29.74705789464182,56.65826124233129,30.0,59.7000000000015,3.052237601920293,5.0,5.85799917877906,True,9.667463440774497e-07,1.9334926881548992e-05,-17.13657465949325
40.0,29.75236273598264,57.042546428785066,30.0,60.00000000000151,2.9678032010952013,5.0,5.814452325063034,True,9.890973328949217e-07,1.9781946657898432e-05,-17.03730973548504
40.2,29.756307202960205,57.42664421843835,30.0,60.300000000001525,2.8836712064262136,5.0,5.771963238515264,True,1.0115708909121338e-06,2.0231417818242677e-05,-16.939736807950517
40.400000000000006,29.759946778134523,57.810524108383085,30.0,60.600000000001536,2.799785938111796,5.0,5.730514924441655,True,1.0341512649325306e-06,2.068302529865061e-05,-16.843859368345893
40.6,29.7644833842558,58.19425402326527,30.0,60.90000000000155,2.715976687476558,5.0,5.69003772983239,True,1.0568524025861222e-06,2.1137048051722443e-05,-16.749556652956297
40.8,29.771099445249984,58.57792316680056,30.0,61.20000000000156,2.6320490844918236,5.0,5.650458599368219,True,1.0796934709672664e-06,2.1593869419345326e-05,-16.656695291850454
41.0,29.78079651597081,58.961630502054135,30.0,61.50000000000157,2.5478166879743234,5.0,5.611717194898586,True,1.1026895857237709e-06,2.205379171447542e-05,-16.565167314068027
41.2,29.79424082479696,59.34539771375009,30.0,61.80000000000158,2.4632111606298173,5.0,5.573814602393166,True,1.1258207657477987e-06,2.2516415314955975e-05,-16.475007493824975
41.400000000000006,29.811721645019965,59.72917761248527,30.0,62.10000000000159,2.378286679965763,5.0,5.536808424724715,True,1.1490299590369631e-06,2.2980599180739262e-05,-16.386386519968944
41.6,29.833257605012683,60.11292993095432,30.0,62.4000000000016,2.293140319958203,5.0,5.500771993731244,True,1.1722448312899329e-06,2.3444896625798657e-05,-16.29951677829981
41.8,29.858743111744417,60.496598877683326,30.0,62.700000000001616,2.207924367887893,5.0,5.465796375123496,True,1.1953750143230146e-06,2.390750028646029e-05,-16.214658303480146
42.0,29.887957223622934,60.88007334912157,30.0,63.00000000000163,2.122885439407843,5.0,5.432001711049973,True,1.2183027829091687e-06,2.4366055658183374e-05,-16.132147680876464
42.2,29.92048108683177,61.26316959978033,30.0,63.30000000000164,2.038382038975309,5.0,5.399537140979506,True,1.240880723043505e-06,2.48176144608701e-05,-16.05239966442115
42.400000000000006,29.955619054004902,61.64563542998268,30.0,63.60000000000165,1.954868420357964,5.0,5.3685668982432215,True,1.262939593718466e-06,2.525879187436932e-05,-15.97587425548004
42.6,29.99229817208434,62.02707334412055,30.0,63.90000000000166,1.8729424914992014,5.0,5.339280248915881,True,1.2842803437578002e-06,2.5685606875156006e-05,-15.903101687203398
42.8,30.0290234783834,62.40744056923677,30.0,64.20000000000167,1.7927943761406775,5.0,5.311695743839405,True,1.3048203885346125e-06,2.609640777069225e-05,-15.834192701611746
43.0,30.064080032756703,62.78718324046438,30.0,64.50000000000168,1.7140150239568928,5.0,5.285626500458574,True,1.3246345391925808e-06,2.6492690783851615e-05,-15.768739294629992
43.2,30.095881532979075,63.16682264920965,30.0,64.80000000000169,1.635989464362934,5.0,5.260842283086095,True,1.3438437667074575e-06,2.687687533414915e-05,-15.70621223118831
43.400000000000006,30.123249921485776,63.54676478119381,30.0,65.1000000000017,1.558117514211123,5.0,5.237149051544308,True,1.3625543955939397e-06,2.7251087911878793e-05,-15.646161552334075
43.6,30.14554658890766,63.92716808772688,30.0,65.40000000000171,1.4800059632845337,5.0,5.214443177498224,True,1.380810935613219e-06,2.761621871226438e-05,-15.5883578646773
43.8,30.162619099252048,64.30798187254449,30.0,65.70000000000172,1.401484726499398,5.0,5.192702517823555,True,1.3985967118167383e-06,2.7971934236334764e-05,-15.532775014825098
44.0,30.174666549410546,64.68911793575202,30.0,66.00000000000173,1.322467462682757,5.0,5.171935826153933,True,1.4158705673146917e-06,2.8317411346293833e-05,-15.479464504669098
44.2,30.182113406087524,65.0703380735133,30.0,66.30000000000175,1.243074312393301,5.0,5.152206687054789,True,1.4325444896037564e-06,2.865088979207513e-05,-15.428618858855048
44.400000000000006,30.18562180602025,65.45133510841072,30.0,66.60000000000176,1.163566280039119,5.0,5.13360365513779,True,1.4485061079723021e-06,2.8970122159446044e-05,-15.380496734858664
44.6,30.18602206814305,65.83164386157036,30.0,66.90000000000177,1.0844302874598695,5.0,5.116247555421873,True,1.4636112480375087e-06,2.9272224960750176e-05,-15.335442659006159
44.8,30.18434377403548,66.21091985384435,30.0,67.20000000000178,1.0061124005539615,5.0,5.100221775819994,True,1.4777446826300838e-06,2.9554893652601675e-05,-15.293705990344764
45.0,30.1818043007516,66.58899051920544,30.0,67.50000000000179,0.9289731308668822,5.0,5.08556693770445,True,1.4908279530506545e-06,2.981655906101309e-05,-15.255424771486092
45.2,30.179795693817336,66.96562214581677,30.0,67.8000000000018,0.8535296685351258,5.0,5.072328153330547,True,1.502779440371244e-06,3.0055588807424878e-05,-15.220747595166689
45.400000000000006,30.17981547526024,67.3405661632375,30.0,68.10000000000181,0.7804315201000255,5.0,5.060540816707799,True,1.513527794861145e-06,3.02705558972229e-05,-15.18979603461015
45.6,30.18312069710556,67.71351228480648,30.0,68.40000000000182,0.7104917823750998,5.0,5.050227576339758,True,1.5230157805528545e-06,3.046031561105709e-05,-15.162656010843357
45.8,30.190267568681225,68.08376922788922,30.0,68.70000000000184,0.6449357426832343,5.0,5.041422627809572,True,1.5311786938666847e-06,3.0623573877333696e-05,-15.1394412700703
46.0,30.20100768870429,68.44979610173668,30.0,69.00000000000185,0.5857716454254398,5.0,5.034195906059321,True,1.5379218761639164e-06,3.075843752327833e-05,-15.120357297370976
46.2,30.214251705200333,68.80923609325721,30.0,69.30000000000186,0.5354932355730729,5.0,5.028593541473055,True,1.5431765160966895e-06,3.086353032193379e-05,-15.105543986991695
46.400000000000006,30.228159807476263,69.15875590338737,30.0,69.60000000000187,0.496742640151567,5.0,5.024614736529036,True,1.5469228372984373e-06,3.0938456745968745e-05,-15.095013533200902
46.6,30.240165137716158,69.49478011685676,30.0,69.90000000000188,0.4710439969582114,5.0,5.022139230155847,True,1.5492597880787673e-06,3.098519576157534e-05,-15.088457556736257
46.8,30.24773881569874,69.81798717337671,30.0,70.20000000000189,0.4553112347724113,5.0,5.020688032581787,True,1.550631938865319e-06,3.101263877730638e-05,-15.084612793071258
47.0,30.24928602747357,70.13133654313901,30.0,70.5000000000019,0.4450351311072527,5.0,5.0197665551218265,True,1.5515040602828215e-06,3.103008120565643e-05,-15.08217087866613
47.2,30.24421421428757,70.43723404296203,30.0,70.80000000000192,0.43730964092637814,5.0,5.019087538791006,True,1.5521471236430497e-06,3.1042942472861e-05,-15.080371199151212
47.400000000000006,30.232666854286396,70.73745826303764,30.0,71.10000000000193,0.4307788018514965,5.0,5.018522728465481,True,1.5526822974234013e-06,3.105364594846803e-05,-15.078874028193024
47.6,30.21522877230864,71.03314873368262,30.0,71.40000000000194,0.4253272575671238,5.0,5.0180577194796765,True,1.5531230903329298e-06,3.1062461806658596e-05,-15.077641279159161
47.8,30.19276080396712,71.32514211367237,30.0,71.70000000000195,0.42151531702837264,5.0,5.017736059468406,True,1.5534280965172482e-06,3.106856193034496e-05,-15.076788484563135
48.0,30.16634473248657,71.61428161704215,30.0,72.00000000000196,0.4200586161229865,5.0,5.017613899153576,True,1.5535439528441943e-06,3.1070879056883883e-05,-15.076464595176876
48.2,30.13724170916513,71.90182999166973,30.0,72.30000000000197,0.4211586901274454,5.0,5.017706113581172,True,1.553456496009914e-06,3.106912992019828e-05,-15.076709088353933
48.400000000000006,30.10688207593289,72.18952043611849,30.0,72.60000000000198,0.4241665363058612,5.0,5.017959470793055,True,1.5532162438037872e-06,3.106432487607575e-05,-15.077380805115448
48.6,30.076865539330782,72.47955106943449,30.0,72.900000000002,0.42741737722274303,5.0,5.018235308786543,True,1.5529547296806522e-06,3.105909459361304e-05,-15.078112085794169
48.8,30.048735937009837,72.77401036756247,30.0,73.200000000002,0.42876842059811254,5.0,5.018350561539339,True,1.5528454791373005e-06,3.105690958274601e-05,-15.07841762320773
49.0,30.02375038820068,73.07413531671311,30.0,73.50000000000202,0.4265264463224338,5.0,5.018159504182031,True,1.5530265920408783e-06,3.1060531840817565e-05,-15.077911122405947
49.2,30.002683695050774,73.3799639108791,30.0,73.80000000000203,0.4200446623691489,5.0,5.017612731009121,True,1.5535450607627877e-06,3.1070901215255755e-05,-15.076461497982496
49.400000000000006,29.985635909089133,73.69088855096292,30.0,74.10000000000204,0.40936353628844513,5.0,5.016729861657152,True,1.5543827119582026e-06,3.1087654239164054e-05,-15.074120469957776
49.6,29.97212182608596,74.00660079340372,30.0,74.40000000000205,0.39438576081417853,5.0,5.0155298950692115,True,1.5555221803004635e-06,3.111044360600927e-05,-15.070937962115018
49.8,29.96134996681482,74.32652256232298,30.0,74.70000000000206,0.3754719983175185,5.0,5.014078102854058,True,1.5569022597340836e-06,3.113804519468167e-05,-15.067086553456353
50.0,29.95211297820625,74.65038911428223,30.0,75.00000000000207,0.35287524462632186,5.0,5.012436626858248,True,1.558464610314113e-06,3.116929220628226e-05,-15.06273059590213
50.2,29.94288647624661,74.97835753676613,30.0,75.30000000000209,0.32667388746581083,5.0,5.010660218848613,True,1.5601577326236963e-06,3.1203154652473925e-05,-15.058014964013271
50.400000000000006,29.932225719765725,75.30993983154734,30.0,75.6000000000021,0.2978728829304149,5.0,5.008864966675112,True,1.5618712953471355e-06,3.123742590694271e-05,-15.053247609813509
50.6,29.919260064800344,75.64364610744626,30.0,75.90000000000211,0.26876803263145177,5.0,5.007218414984968,True,1.5634451194285616e-06,3.1268902388571235e-05,-15.048873632390974
50.8,29.90399621415165,75.97725315964915,30.0,76.20000000000212,0.2425549046802529,5.0,5.00587983093726,True,1.5647261292351089e-06,3.129452258470218e-05,-15.045316694633275
51.0,29.887301303168165,76.3078629787419,30.0,76.50000000000213,0.22275015422295572,5.0,5.004959303651364,True,1.5656078714624497e-06,3.131215742924899e-05,-15.042870081627521
51.2,29.870826898475425,76.63103967266223,30.0,76.80000000000214,0.21268117540649942,5.0,5.004521284036295,True,1.5660276671921422e-06,3.1320553343842845e-05,-15.041705738154128
51.400000000000006,29.856764035241383,76.94252083981353,30.0,77.10000000000215,0.21287608483351897,5.0,5.004529571048017,True,1.566019723577452e-06,3.132039447154904e-05,-15.041727767629393
51.6,29.847089267695072,77.24179717168958,30.0,77.40000000000217,0.2200223328213065,5.0,5.004838641448906,True,1.565723498594621e-06,3.131446997189242e-05,-15.042549347603885
51.8,29.843196599790417,77.5312441058924,30.0,77.70000000000218,0.23036027894165603,5.0,5.005303772810805,True,1.5652778388512996e-06,3.130555677702599e-05,-15.04378567776014
52.0,29.845967002744366,77.81394265651227,30.0,78.00000000000219,0.24154399042427122,5.0,5.005830949933295,True,1.5647729341474613e-06,3.1295458682949225e-05,-15.045186788122678
52.2,29.855905672082965,78.09240717365952,30.0,78.3000000000022,0.25270131951931396,5.0,5.006381723049772,True,1.5642456610702007e-06,3.1284913221404016e-05,-15.046650453378152
52.400000000000006,29.87327102522424,78.36820996274751,30.0,78.60000000000221,0.2641720167206376,5.0,5.006973822022465,True,1.5636790882310919e-06,3.127358176462184e-05,-15.048223761434027
52.6,29.898102789195505,78.64192454823397,30.0,78.90000000000222,0.2774634757497312,5.0,5.007692680304485,True,1.5629915866335653e-06,3.125983173267131e-05,-15.050133640573636
52.8,29.93008007612957,78.91331530619414,30.0,79.20000000000223,0.29508796894805744,5.0,5.008700121729977,True,1.5620287644600126e-06,3.124057528920025e-05,-15.052809772715385
53.0,29.968453345675385,79.18193109683575,30.0,79.50000000000225,0.31962950201852686,5.0,5.010205885845472,True,1.5605911563050956e-06,3.121182312610191e-05,-15.05680862847608
53.2,30.0120671024758,79.44736469094757,30.0,79.80000000000226,0.35284171543945675,5.0,5.012434266517044,True,1.5584668583748551e-06,3.11693371674971e-05,-15.062724331276904
53.400000000000006,30.05923087614144,79.70866654061608,30.0,80.10000000000227,0.39579056724945433,5.0,5.01564055461749,True,1.5554170534630944e-06,3.110834106926189e-05,-15.071231481222632
53.6,30.10757145067565,79.964048610902,30.0,80.40000000000228,0.44902698210567393,5.0,5.020122033442905,True,1.5511675449749509e-06,3.102335089949902e-05,-15.08311294898778
53.8,30.15497166545116,80.21427633631211,30.0,80.70000000000229,0.5098467363446763,5.0,5.02592714775705,True,1.5456857789383126e-06,3.091371557876625e-05,-15.098487931127803
54.0,30.19978468521572,80.46238369768051,30.0,81.0000000000023,0.5735374521065767,5.0,5.032787022015625,True,1.5392410777910774e-06,3.078482155582155e-05,-15.116633594526078
54.2,30.24090069516508,80.71246071713017,30.0,81.30000000000231,0.6350083100628932,5.0,5.0401622547145175,True,1.5323519080510178e-06,3.064703816102036e-05,-15.136114908839005
54.400000000000006,30.277471906843097,80.96832433344831,30.0,81.60000000000232,0.6899310159744999,5.0,5.04737603184106,True,1.525653063819808e-06,3.051306127639616e-05,-15.155142188160584
54.6,30.308560016673987,81.23218431386812,30.0,81.90000000000234,0.7356541813493405,5.0,5.053828951847971,True,1.5196936419091066e-06,3.0393872838182135e-05,-15.172139578638324
54.8,30.333036904844423,81.50453105384084,30.0,82.20000000000235,0.7710970334940714,5.0,5.059109668218644,True,1.514839730493988e-06,3.029679460987976e-05,-15.186033172693097
55.0,30.349736148498412,81.78408864105683,30.0,82.50000000000236,0.7967712641867445,5.0,5.063086454667127,True,1.511197927473005e-06,3.02239585494601e-05,-15.196486550334479
55.2,30.35781048379458,82.06963072649162,30.0,82.80000000000237,0.813306595326711,5.0,5.065714916771563,True,1.5087972455579068e-06,3.0175944911158136e-05,-15.203391217848214
55.400000000000006,30.356755125194866,82.35870602071942,30.0,83.10000000000238,0.8226730718055419,5.0,5.067227149346471,True,1.5074183538106621e-06,3.0148367076213244e-05,-15.207362055468803
55.6,30.34647991086325,82.64908876725215,30.0,83.4000000000024,0.8269921451273228,5.0,5.067930150278542,True,1.5067779089912975e-06,3.013555817982595e-05,-15.209207599892247
55.8,30.32729930872723,82.93914819267245,30.0,83.7000000000024,0.8282634304438317,5.0,5.068137755646602,True,1.5065888462946945e-06,3.013177692589389e-05,-15.209752564329996
56.0,30.29987755695456,83.22795206688924,30.0,84.00000000000242,0.8282418488517438,5.0,5.068134228706788,True,1.5065920579563614e-06,3.013184115912723e-05,-15.209743306293495
56.2,30.265126817046383,83.51531025182915,30.0,84.30000000000243,0.8282694187312416,5.0,5.068138734289482,True,1.5065879551356986e-06,3.0131759102713973e-05,-15.209755133216323
56.400000000000006,30.22420764413489,83.8012860572897,30.0,84.60000000000244,0.8295860594129117,5.0,5.06835407503977,True,1.5063918813571053e-06,3.0127837627142104e-05,-15.210320379350254
56.6,30.1786071003996,84.08581835404621,30.0,84.90000000000245,0.8335419898992271,5.0,5.069003082355066,True,1.5058011467328107e-06,3.0116022934656216e-05,-15.212023807971837
56.8,30.130222214573884,84.3687405124832,30.0,85.20000000000246,0.8413977423069972,5.0,5.070300795885714,True,1.5046208727225425e-06,3.009241745445085e-05,-15.215429220985326
57.0,30.080848605966416,84.6518979997732,30.0,85.50000000000247,0.8519468879452582,5.0,5.072062055996517,True,1.5030209639322554e-06,3.0060419278645108e-05,-15.220049662264207
57.2,30.032522824337832,84.9371082498418,30.0,85.80000000000248,0.8635044334560648,5.0,5.074016151590206,True,1.5012485252063517e-06,3.0024970504127033e-05,-15.225174105662273
57.400000000000006,29.98737366268692,85.22522897435444,30.0,86.1000000000025,0.8748621444017911,5.0,5.075961364284336,True,1.499486896156248e-06,2.9989737923124963e-05,-15.230273294734832
57.6,29.94679235039219,85.51868050985384,30.0,86.4000000000025,0.8829241743732575,5.0,5.077357097712618,True,1.4982245773063314e-06,2.9964491546126627e-05,-15.2339308725116
57.8,29.911824712678563,85.8190985300618,30.0,86.70000000000252,0.8853034965693668,5.0,5.0777713892058935,True,1.4978501581830569e-06,2.9957003163661137e-05,-15.23501634717001
58.0,29.883333264838704,86.12716100175471,30.0,87.00000000000253,0.8806015239343189,5.0,5.076953716940449,True,1.4985892550771126e-06,2.997178510154225e-05,-15.232873899652002
58.2,29.86203280111004,86.44269956877102,30.0,87.30000000000254,0.868331144989799,5.0,5.07483979819652,True,1.5005022771022637e-06,3.0010045542045276e-05,-15.22733345506705
58.400000000000006,29.84840480689723,86.76497642019561,30.0,87.60000000000255,0.8486727764017586,5.0,5.071513135288666,True,1.5035193551477298e-06,3.00703871029546e-05,-15.218609810915343
58.6,29.842576918315675,87.09247548067941,30.0,87.90000000000256,0.8227258814180322,5.0,5.06723572334612,True,1.5074105405883314e-06,3.0148210811766627e-05,-15.207384565796671
58.8,29.84410487168493,87.4235399817278,30.0,88.20000000000258,0.791955460244853,5.0,5.06233083184136,True,1.5118890062500363e-06,3.0237780125000727e-05,-15.194500952756682
59.0,29.85204144083848,87.75688481296666,30.0,88.50000000000259,0.7577017331592901,5.0,5.057085318286868,True,1.5166980317388988e-06,3.0333960634777975e-05,-15.18070881165417
59.2,29.86502383823712,88.09147252691413,30.0,88.8000000000026,0.7212695365571501,5.0,5.051755115241174,True,1.5216055059041163e-06,3.0432110118082326e-05,-15.166679332525057
59.400000000000006,29.881385375744262,88.42690418142983,30.0,89.10000000000261,0.6834671975065701,5.0,5.046496548108151,True,1.52646768647436e-06,3.05293537294872e-05,-15.152823891074387
59.6,29.899123202997853,88.76272689923456,30.0,89.40000000000262,0.6452078216636442,5.0,5.041457441369107,True,1.5311463046908876e-06,3.0622926093817754e-05,-15.139533137787339
59.8,29.915858811064304,89.09918455409164,30.0,89.70000000000263,0.6066786132053292,5.0,5.036671414706417,True,1.5356075760994433e-06,3.0712151521988865e-05,-15.126897582427834
60.0,29.929163564011883,89.43667045854482,30.0,90.00000000000264,0.5677657729579819,5.0,5.032132547235076,True,1.5398544026207617e-06,3.0797088052415236e-05,-15.11490345270772
60.2,29.93699459639651,89.77608717543032,30.0,90.30000000000264,0.5276877188589726,5.0,5.027768324876812,True,1.5439525248578827e-06,3.087905049715766e-05,-15.103360622930639
60.400000000000006,29.93799805817516,90.1179166093298,30.0,90.60000000000268,0.4860541496096035,5.0,5.023569312386634,True,1.5479091776484645e-06,3.095818355296929e-05,-15.092245291281923
60.6,29.931670105982803,90.46154267046118,30.0,90.90000000000268,0.44374970900842087,5.0,5.0196527573374095,True,1.5516118079790895e-06,3.103223615958179e-05,-15.081869283547336
60.8,29.918334007482716,90.80538618846286,30.0,91.20000000000267,0.4029756749380934,5.0,5.016212654442773,True,1.5548737075295493e-06,3.1097474150590986e-05,-15.072748845104256
61.0,29.89903525549524,91.14728428962964,30.0,91.5000000000027,0.3668817956466158,5.0,5.0134421560417834,True,1.5575073048430707e-06,3.1150146096861414e-05,-15.065399121216032
61.2,29.875477193201483,91.48424502117815,30.0,91.80000000000273,0.33942176722403417,5.0,5.011507471416708,True,1.5593498987480281e-06,3.118699797496056e-05,-15.060264279250147
61.400000000000006,29.849970700029235,91.81256717622254,30.0,92.10000000000272,0.3242320450479335,5.0,5.010501613514955,True,1.560309020476842e-06,3.1206180409536843e-05,-15.05759385085905
61.6,29.825272154272973,92.12830587500402,30.0,92.40000000000272,0.3230286637919592,5.0,5.01042388602314,True,1.5603831690063375e-06,3.120766338012675e-05,-15.057387471663334
61.8,29.80395267100653,92.43082984033774,30.0,92.70000000000276,0.3329971922697962,5.0,5.011076444244247,True,1.5597608028939115e-06,3.119521605787823e-05,-15.059120021022396
62.0,29.78782272460564,92.72276363497954,30.0,93.00000000000276,0.3491120139511941,5.0,5.012173101388764,True,1.5587156265561071e-06,3.117431253112214e-05,-15.06203114985976
62.2,29.77790183672307,93.00806232462666,30.0,93.30000000000275,0.3668176664706604,5.0,5.013437463500964,True,1.5575117705246916e-06,3.115023541049383e-05,-15.065386669151763
62.400000000000006,29.77476245958876,93.29008132011774,30.0,93.60000000000278,0.38312078741852806,5.0,5.01465667197189,True,1.5563520750599724e-06,3.112704150119945e-05,-15.068621552815776
62.6,29.778760251600925,93.57106116496576,30.0,93.9000000000028,0.39641869717158607,5.0,5.0156901602339055,True,1.5553699310671994e-06,3.110739862134399e-05,-15.071363055622388
62.8,29.790113047411776,93.85243322027382,30.0,94.2000000000028,0.4060236436932509,5.0,5.016458431925649,True,1.554640360202125e-06,3.10928072040425e-05,-15.073400660498237
63.0,29.808945510960346,94.13508630696664,30.0,94.5000000000028,0.4119026840741519,5.0,5.016937693568408,True,1.554185470724933e-06,3.108370941449866e-05,-15.074671596870836
63.2,29.83511490290112,94.41901017361904,30.0,94.80000000000284,0.4151389442743996,5.0,5.017204435046798,True,1.5539323704777253e-06,3.1078647409554504e-05,-15.07537890622389
63.400000000000006,29.868012082625807,94.70361176373224,30.0,95.10000000000284,0.4177851651105992,5.0,5.017424084546421,True,1.5537239949578762e-06,3.107447989915752e-05,-15.075961315138699
63.6,29.906531678573423,94.98807844005158,30.0,95.40000000000283,0.4223928250609563,5.0,5.017809850787789,True,1.5533581186936407e-06,3.106716237387282e-05,-15.076984127137475
63.8,29.948948744588883,95.27091339716814,30.0,95.70000000000286,0.4321128827184951,5.0,5.018637419002421,True,1.552573605088933e-06,3.105147210177866e-05,-15.079178057764729
64.0,29.99268901737786,95.54940984817618,30.0,96.00000000000288,0.45064945954712066,5.0,5.020267416720957,True,1.551029945071726e-06,3.102059890143452e-05,-15.083498217036716
64.2,30.035153726527582,95.82333236763836,30.0,96.30000000000288,0.47796214937249715,5.0,5.022792830311915,True,1.5486423155847102e-06,3.09728463116942e-05,-15.090188824487615
64.4,30.074321703530625,96.09535891403058,30.0,96.6000000000029,0.510084641277314,5.0,5.025951287195988,True,1.5456630377714697e-06,3.0913260755429395e-05,-15.09855182791757
64.60000000000001,30.108736506185664,96.36892336752004,30.0,96.9000000000029,0.5420941037742478,5.0,5.029300748349297,True,1.5425118917304095e-06,3.085023783460819e-05,-15.107414834991417
64.8,30.13724645795701,96.6468013771261,30.0,97.20000000000292,0.5699695663582008,5.0,5.032381673380364,True,1.5396209020192336e-06,3.079241804038467e-05,-15.115562058560519
65.0,30.158874042907197,96.93087165329447,30.0,97.50000000000291,0.5908874990527037,5.0,5.034793743197109,True,1.5373625475102805e-06,3.074725095020561e-05,-15.121937075479648
65.2,30.17272294045444,97.22136230576989,30.0,97.80000000000294,0.6038665376940269,5.0,5.03633346744897,True,1.535923243363538e-06,3.071846486727076e-05,-15.126004916461223
65.4,30.17814463212701,97.51745501303242,30.0,98.10000000000296,0.6091749927567469,5.0,5.036972718985103,True,1.535326208598159e-06,3.070652417196318e-05,-15.127693407815837
65.60000000000001,30.17491393046117,97.81772445639264,30.0,98.40000000000296,0.6079800093391814,5.0,5.036828336538388,True,1.535461028976743e-06,3.0709220579534856e-05,-15.12731206100165
65.8,30.16334769405793,98.12065067571228,30.0,98.70000000000296,0.6019369640669232,5.0,5.036102472022398,True,1.536139059381133e-06,3.072278118762266e-05,-15.125394722419141
66.0,30.14416361127496,98.4254900005601,30.0,99.00000000000298,0.5923216071322207,5.0,5.034962252716071,True,1.5372049409429567e-06,3.074409881885913e-05,-15.122382326155181
66.2,30.118354083777145,98.7317746021518,30.0,99.300000000003,0.5804203579388605,5.0,5.033576044117132,True,1.5385020960021762e-06,3.0770041920043525e-05,-15.118719120843199
66.4,30.087162240522357,99.03937123687962,30.0,99.600000000003,0.5673639627383281,5.0,5.032087227603883,True,1.539896884790389e-06,3.0797937695807784e-05,-15.114783639319377
66.60000000000001,30.052073233084315,99.3483246196378,30.0,99.90000000000302,0.5541275547245138,5.0,5.030612025082531,True,1.5412805742328633e-06,3.0825611484657265e-05,-15.110882995893785
66.8,30.015131340954746,99.65755251327822,30.0,100.20000000000304,0.5426584868341856,5.0,5.029361612902096,True,1.5424547097147846e-06,3.084909419429569e-05,-15.107575834036538
67.0,29.979129854117694,99.9652796983013,30.0,100.50000000000304,0.535127427853542,5.0,5.028554599886646,True,1.543213123955976e-06,3.0864262479119516e-05,-15.105440963115015
67.2,29.946347568316806,100.27372600858078,30.0,100.80000000000304,0.5290017934497335,5.0,5.02790641295888,True,1.5438226349413497e-06,3.087645269882699e-05,-15.10372600234539
67.4,29.918546871979554,100.58545476484775,30.0,101.10000000000306,0.5209524076970455,5.0,5.027065884896015,True,1.5446134860767287e-06,3.089226972153457e-05,-15.101501819761385
67.60000000000001,29.89702881439523,100.90213172306017,30.0,101.40000000000308,0.5084052382213955,5.0,5.0257811219999375,True,1.545823355646296e-06,3.091646711292592e-05,-15.098101396250796
67.8,29.882647482424005,101.22437384374943,30.0,101.70000000000309,0.4898896344015141,5.0,5.023941864103729,True,1.5475575856333746e-06,3.095115171266749e-05,-15.093231859605012
68.0,29.875882738539723,101.55182182565034,30.0,102.0000000000031,0.4650470627351318,5.0,5.0215803060947435,True,1.5497880767499953e-06,3.0995761534999907e-05,-15.086976889983138
68.2,29.87679984780412,101.8834362871144,30.0,102.30000000000312,0.4344002813036863,5.0,5.018834885149811,True,1.5523864898735048e-06,3.10477297974701e-05,-15.079701498344665
68.4,29.8849445824972,102.21767751410296,30.0,102.60000000000312,0.3992596051714001,5.0,5.015915492940608,True,1.555155902185526e-06,3.110311804371052e-05,-15.071960713815301
68.60000000000001,29.899232388831933,102.5527411097146,30.0,102.90000000000312,0.36158380542403934,5.0,5.013057235694096,True,1.5578736728044813e-06,3.115747345608963e-05,-15.064377662936213
68.8,29.917931799154992,102.8865817405298,30.0,103.20000000000314,0.3239848684139937,5.0,5.010485624663665,True,1.5603242727396561e-06,3.1206485454793124e-05,-15.05755139810697
69.0,29.938690264183517,103.21654347520864,30.0,103.50000000000315,0.2900111810852665,5.0,5.00840358648886,True,1.5623120845282858e-06,3.124624169056572e-05,-15.052022122785061
69.2,29.95848532831344,103.5392861860549,30.0,103.80000000000317,0.2639984105041103,5.0,5.0069646654184305,True,1.5636878480099686e-06,3.127375696019937e-05,-15.048199432190248
69.4,29.97433967617029,103.85492042514176,30.0,104.10000000000318,0.24641925702611112,5.0,5.006068562278517,True,1.5645454311854756e-06,3.129090862370951e-05,-15.045818256510655
69.60000000000001,29.98415840580444,104.16618438607406,30.0,104.4000000000032,0.23435165334112062,5.0,5.005489056767952,True,1.5651003582295058e-06,3.1302007164590115e-05,-15.044278134900587
69.8,29.98687594381325,104.47494025139906,30.0,104.7000000000032,0.22544207968467433,5.0,5.005079832659271,True,1.5654923832742617e-06,3.1309847665485236e-05,-15.043190453885178
70.0,29.98228707281872,104.7818290025056,30.0,105.0000000000032,0.21888885750175743,5.0,5.004788939799402,True,1.565771129555448e-06,3.1315422591108964e-05,-15.042417232649763
70.2,29.970851641103927,105.08665870561973,30.0,105.30000000000322,0.21532332599038165,5.0,5.004634265829578,True,1.5659193717389966e-06,3.131838743477993e-05,-15.042006076040757
70.4,29.953504133579013,105.38889841573877,30.0,105.60000000000323,0.21616138525001857,5.0,5.004670393190065,True,1.5658847449912427e-06,3.1317694899824855e-05,-15.042102111456227
70.60000000000001,29.931618068872943,105.68773029235273,30.0,105.90000000000325,0.22301237026385545,5.0,5.0049709806641935,True,1.5655966823166526e-06,3.1311933646333055e-05,-15.042901120061412
70.8,29.90714338200506,105.98150528296136,30.0,106.20000000000326,0.23740744065988068,5.0,5.005633056155902,True,1.5649624418884982e-06,3.129924883776996e-05,-15.044660851221167
71.0,29.88259570933681,106.26836421539012,30.0,106.50000000000328,0.2596900155560107,5.0,5.00673934853608,True,1.5639034207107717e-06,3.1278068414215436e-05,-15.047600747601937
71.2,29.860506137559877,106.54973609537387,30.0,106.80000000000328,0.28651450158555763,5.0,5.008202328143185,True,1.5625044125734976e-06,3.1250088251469955e-05,-15.051487518535925
71.4,29.8429728955417,106.82924444161624,30.0,107.10000000000328,0.31299534170980015,5.0,5.009787029797977,True,1.5609908772583182e-06,3.1219817545166365e-05,-15.05569639369661
71.60000000000001,29.83154772787316,107.11059679902188,30.0,107.4000000000033,0.33485874741895244,5.0,5.011200492968026,True,1.5596425308174564e-06,3.119285061634913e-05,-15.059449346247112
71.8,29.82730223458793,107.39588671420007,30.0,107.70000000000331,0.3497276208428006,5.0,5.012216017769023,True,1.558674743707741e-06,3.117349487415482e-05,-15.06214506049232
72.0,29.830862093197243,107.6858744403354,30.0,108.00000000000333,0.3567667287658805,5.0,5.012712090151828,True,1.5582022802370923e-06,3.116404560474185e-05,-15.06346168786131
72.2,29.842505738759368,107.98041094918366,30.0,108.30000000000334,0.35628865225762085,5.0,5.012678086983798,True,1.5582346590728955e-06,3.116469318145791e-05,-15.063371444099001
72.4,29.86216795737986,108.27886716381286,30.0,108.60000000000336,0.3494624020586403,5.0,5.012197519098045,True,1.558692365670982e-06,3.117384731341964e-05,-15.062095960587643
72.60000000000001,29.889308840817044,108.58007383897308,30.0,108.90000000000336,0.338534017836967,5.0,5.011447423772182,True,1.5594071343863655e-06,3.118814268772731e-05,-15.060104875220677
72.8,29.922814514116677,108.8826725844553,30.0,109.20000000000336,0.3265796807663474,5.0,5.010654077851458,True,1.5601635899351858e-06,3.1203271798703714e-05,-15.057998659294649
73.0,29.960984478226678,109.1850856075046,30.0,109.50000000000338,0.3173220533497777,5.0,5.010059209784064,True,1.5607311161419813e-06,3.1214622322839626e-05,-15.05641915389074
73.2,30.001396352383924,109.4848965484429,30.0,109.8000000000034,0.3151065454498107,5.0,5.009919374100277,True,1.5608645643223413e-06,3.121729128644682e-05,-15.05604783220582
73.4,30.041014621058345,109.77978824418756,30.0,110.1000000000034,0.32282776786272227,5.0,5.010410938007304,True,1.5603955212849375e-06,3.120791042569875e-05,-15.057353092253788
73.60000000000001,30.077123964410152,110.07043376270272,30.0,110.40000000000342,0.3384701030443859,5.0,5.011443106596629,True,1.5594112494977605e-06,3.118822498995521e-05,-15.060093414661251
73.8,30.10791245476208,110.36011486911973,30.0,110.70000000000344,0.3566048234230968,5.0,5.012700569562142,True,1.5582132503879455e-06,3.116426500775891e-05,-15.0634311125036
74.0,30.13217192985282,110.65237581219056,30.0,111.00000000000344,0.3719032064846786,5.0,5.0138121220278675,True,1.5571552781775945e-06,3.114310556355189e-05,-15.066380821383385
74.2,30.1489844212175,110.94904594864472,30.0,111.30000000000344,0.38126775883964664,5.0,5.014515440591504,True,1.5564863538709385e-06,3.112972707741877e-05,-15.068246868758079
74.4,30.157747245262364,111.25049800405512,30.0,111.60000000000346,0.3834525245186695,5.0,5.014682027662347,True,1.5563279692120218e-06,3.112655938424044e-05,-15.068688819843532
74.60000000000001,30.158158787759955,111.55645387359812,30.0,111.90000000000347,0.3782038380474533,5.0,5.014283412723479,True,1.5567069927843612e-06,3.113413985568722e-05,-15.067631280504584
74.8,30.150238974461576,111.86609486184489,30.0,112.20000000000348,0.3661480448342981,5.0,5.013388513843305,True,1.5575583547413946e-06,3.115116709482789e-05,-15.06525677629256
75.0,30.13448631978894,112.17809457957492,30.0,112.5000000000035,0.34886913006408726,5.0,5.012156189696374,True,1.5587317373025964e-06,3.117463474605193e-05,-15.06198626179922
75.2,30.111962309057315,112.49098974543908,30.0,112.80000000000352,0.3286683679264351,5.0,5.010790645803856,True,1.5600333376787392e-06,3.120066675357478e-05,-15.058361250743683
75.4,30.0842195824256,112.80364401854048,30.0,113.10000000000352,0.30809058053251565,5.0,5.009482987875382,True,1.5612811143473713e-06,3.122562228694742e-05,-15.05488897930785
75.60000000000001,30.053095367898123,113.11587169857567,30.0,113.40000000000352,0.2890467259190243,5.0,5.008347832345963,True,1.5623653615855309e-06,3.124730723171062e-05,-15.051874024734142
75.8,30.020599144834502,113.428492023663,30.0,113.70000000000354,0.2722882773540761,5.0,5.007408601860292,True,1.5632632256165284e-06,3.126526451233057e-05,-15.049378927226499
76.0,29.98890943021294,113.7431501040592,30.0,114.00000000000357,0.2570892253378882,5.0,5.006605124211898,True,1.564031859030637e-06,3.128063718061274e-05,-15.047244090263307
76.2,29.96003835104536,114.0616530725106,30.0,114.30000000000356,0.24167372888361865,5.0,5.0058372118190695,True,1.5647669381150433e-06,3.129533876230087e-05,-15.045203429826561
76.4,29.93559343539507,114.38516993994438,30.0,114.60000000000358,0.2242769722224024,5.0,5.0050274884629005,True,1.565542536919364e-06,3.131085073838728e-05,-15.043051321286072
76.60000000000001,29.916716908986363,114.7138503538972,30.0,114.9000000000036,0.20393078236088838,5.0,5.00415704829438,True,1.5663768625475097e-06,3.1327537250950196e-05,-15.040737449319588
76.80000000000001,29.903951782833232,115.04661287827324,30.0,115.2000000000036,0.18097753764939797,5.0,5.0032742148650655,True,1.5672236697927686e-06,3.134447339585537e-05,-15.038390221464548
77.0,29.897173287924968,115.38165610403463,30.0,115.5000000000036,0.156775669123988,5.0,5.002457257231617,True,1.5680078305162963e-06,3.136015661032593e-05,-15.0362177714734
77.2,29.895701884237205,115.7172100358659,30.0,115.80000000000362,0.13316258901656228,5.0,5.001772913189241,True,1.568665102066853e-06,3.137330204133706e-05,-15.034397693844447
77.4,29.898583950979305,116.05181584454844,30.0,116.10000000000365,0.11228057639636212,5.0,5.001260533889021,True,1.5691574510219789e-06,3.138314902043958e-05,-15.0330348096627
77.60000000000001,29.9048419541464,116.38387798193575,30.0,116.40000000000364,0.09651410859173633,5.0,5.000931410563162,True,1.5694738161178918e-06,3.138947632235784e-05,-15.03215929671331
77.80000000000001,29.91354906123928,116.71193528815174,30.0,116.70000000000366,0.08727093396880471,5.0,5.000761563593668,True,1.5696371121885111e-06,3.1392742243770224e-05,-15.03170745806173
78.0,29.92393508030982,117.03484583885174,30.0,117.00000000000368,0.08366662711319299,5.0,5.000699961454646,True,1.56969634393804e-06,3.13939268787608e-05,-15.031543575999908
78.2,29.93543056604084,117.3516890004455,30.0,117.30000000000368,0.08271012373634488,5.0,5.000684049664454,True,1.5697116439400642e-06,3.139423287880128e-05,-15.031501245047842
78.4,29.947778024887477,117.6615734534275,30.0,117.60000000000367,0.08073676269945543,5.0,5.000651800000795,True,1.5697426542517883e-06,3.139485308503576e-05,-15.031415449199361
78.60000000000001,29.961004142860222,117.96322168351138,30.0,117.9000000000037,0.07428094062147368,5.0,5.000551735372769,True,1.569838878576874e-06,3.139677757153748e-05,-15.03114923733013
78.80000000000001,29.975310919321867,118.25550724294423,30.0,118.20000000000373,0.0607503475182476,5.0,5.000369046852801,True,1.5700145760182192e-06,3.1400291520364385e-05,-15.030663199172976
79.0,29.99071373722204,118.53706982965896,30.0,118.50000000000372,0.038215271123591944,5.0,5.0001460385619785,True,1.5702290856391033e-06,3.140458171278206e-05,-15.030069867222672
79.2,30.006629967492174,118.80509817882898,30.0,118.80000000000372,0.008363485892954704,5.0,5.000006994784735,True,1.5703628502438006e-06,3.140725700487601e-05,-15.029699916392286
79.4,30.021650725882107,119.05478301847192,30.0,119.10000000000376,0.05013311630123,5.0,5.000251326618501,True,1.5701278051832452e-06,3.14025561036649e-05,-15.030349998078165
79.60000000000001,30.03435604688241,119.28446668459652,30.0,119.40000000000376,0.12053333533248727,5.0,5.001452617482882,True,1.5689728525003552e-06,3.1379457050007106e-05,-15.033545751603581
79.80000000000001,30.044054589392594,119.49824221821544,30.0,119.70000000000375,0.20651152354939425,5.0,5.00426288371811,True,1.5662753867415835e-06,3.132550773483167e-05,-15.04101881079267
80.0,30.05050108602241,119.70274324615852,30.0,120.00000000000378,0.30151606490544575,5.0,5.009082943752885,True,1.561663103778324e-06,3.123326207556648e-05,-15.05382654660814
80.2,30.05342697488408,119.90359833363944,30.0,120.3000000000038,0.3999859031787402,5.0,5.015973357459319,True,1.5551009467471042e-06,3.110201893494208e-05,-15.072114185665498
80.4,30.05237139608713,120.10439592011164,30.0,120.6000000000038,0.498363488965504,5.0,5.024775235484058,True,1.5467714830215284e-06,3.093542966043057e-05,-15.095438477106281
80.60000000000001,30.04677929813101,120.30696207733186,30.0,120.9000000000038,0.5948800555243715,5.0,5.035263873965364,True,1.5369228887884552e-06,3.0738457775769104e-05,-15.123179259148456
80.80000000000001,30.036298463081035,120.51034516796328,30.0,121.20000000000384,0.6906094162252194,5.0,5.047468807806437,True,1.525567163619416e-06,3.0511343272388318e-05,-15.155386719726671
81.0,30.020978900054565,120.71228908147008,30.0,121.50000000000384,0.787990231807985,5.0,5.061712023162203,True,1.5124552695724617e-06,3.0249105391449234e-05,-15.19287464955388
81.2,30.001162171684665,120.91150806201058,30.0,121.80000000000383,0.8884926980690545,5.0,5.078328393725836,True,1.49734695665223e-06,2.99469391330446e-05,-15.236475601047472
81.4,29.977413899164688,121.10750640496968,30.0,122.10000000000386,0.9927505568544428,5.0,5.097602737379091,True,1.480071649765058e-06,2.9601432995301157e-05,-15.286872643840358
81.60000000000001,29.950431232393647,121.30069878483076,30.0,122.40000000000389,1.1004182043219424,5.0,5.119660166886385,True,1.4606247821345454e-06,2.921249564269091e-05,-15.344313393786791
81.80000000000001,29.920874908601263,121.4927251835441,30.0,122.70000000000388,1.209864976989941,5.0,5.14429521533775,True,1.4393039677263738e-06,2.8786079354527474e-05,-15.40817481722935
82.0,29.88980139652716,121.68400870092148,30.0,123.0000000000039,1.3205971495758952,5.0,5.1714579019332625,True,1.4162714301499172e-06,2.8325428602998345e-05,-15.47823509937334
82.2,29.858211532081576,121.87703242027185,30.0,123.3000000000039,1.4300142316086122,5.0,5.200475045859096,True,1.3922033867096484e-06,2.784406773419297e-05,-15.552673184340742
82.4,29.827085461255653,122.07640204321343,30.0,123.60000000000392,1.5333786784892054,5.0,5.229842270245375,True,1.3683942493942264e-06,2.7367884987884527e-05,-15.627587639191667
82.60000000000001,29.79767883147455,122.28567027110924,30.0,123.90000000000391,1.6269586131265465,5.0,5.25804092118221,True,1.3460381753598812e-06,2.6920763507197623e-05,-15.699126271278281
82.80000000000001,29.77131190342719,122.50664653220394,30.0,124.20000000000394,1.708725903246147,5.0,5.283913721137426,True,1.3259502843450867e-06,2.6519005686901733e-05,-15.764427635548683
83.0,29.749028740784716,122.73986062706209,30.0,124.50000000000396,1.7779418396371507,5.0,5.306701158453558,True,1.3085859691575779e-06,2.6171719383151556e-05,-15.821677449150995
83.2,29.731576085652947,122.98526812928417,30.0,124.80000000000396,1.8344762632423368,5.0,5.325908669926623,True,1.2941831437559074e-06,2.5883662875118148e-05,-15.869742653337342
83.4,29.71949341574274,123.24218637667995,30.0,125.10000000000396,1.8788707786380485,5.0,5.341362691562889,True,1.2827471716186967e-06,2.5654943432373933e-05,-15.908289386010711
83.60000000000001,29.712977352840323,123.50944787350733,30.0,125.40000000000398,1.9122158201896522,5.0,5.353183103816232,True,1.2740903848250872e-06,2.5481807696501745e-05,-15.937697661024558
83.80000000000001,29.71180283146571,123.7861624449476,30.0,125.700000000004,1.9354151479967805,5.0,5.36151394618119,True,1.268035719175209e-06,2.536071438350418e-05,-15.95838517018852
84.0,29.715401899816825,124.07149535821176,30.0,126.000000000004,1.9493912465285286,5.0,5.3665749069627315,True,1.2643761541413965e-06,2.528752308282793e-05,-15.970937077904825
84.2,29.72290364211641,124.36493439949764,30.0,126.30000000000402,1.954804662828349,5.0,5.3685436823979975,True,1.2629563237713252e-06,2.5259126475426503e-05,-15.975816725242247
84.4,29.73321459103563,124.66621101476171,30.0,126.60000000000404,1.9521050929396315,5.0,5.3675612985676135,True,1.2636645292961166e-06,2.5273290585922332e-05,-15.973382091971871
84.60000000000001,29.74500656717395,124.97515006662104,30.0,126.90000000000404,1.941666530800013,5.0,5.363773757050996,True,1.2663999231656287e-06,2.5327998463312575e-05,-15.963991288310122
84.80000000000001,29.75672440053477,125.29174234312174,30.0,127.20000000000404,1.9237022384831513,5.0,5.357296921241634,True,1.2710957750346487e-06,2.5421915500692975e-05,-15.947917291541817
85.0,29.76687289420333,125.61588631670732,30.0,127.50000000000406,1.8984816614977253,5.0,5.348292495651594,True,1.277662639193141e-06,2.5553252783862823e-05,-15.925538087908555
85.2,29.77431565181041,125.94717614171024,30.0,127.80000000000408,1.8665180617611499,5.0,5.337030042531202,True,1.2859397633616125e-06,2.571879526723225e-05,-15.897493787123263
85.4,29.77843062240208,126.2848301243084,30.0,128.1000000000041,1.8286428483228285,5.0,5.323902202963746,True,1.295677834397458e-06,2.5913556687949157e-05,-15.864729751291053
85.60000000000001,29.77918723717717,126.62782158231887,30.0,128.4000000000041,1.7858820286723198,5.0,5.309366687311657,True,1.306574549148073e-06,2.613149098296146e-05,-15.828358100507263
85.80000000000001,29.777093483134543,126.97534241552032,30.0,128.7000000000041,1.7390029036716883,5.0,5.293782305590074,True,1.3183930072455772e-06,2.6367860144911545e-05,-15.789251134741138
86.0,29.772981915543987,127.32692590656094,30.0,129.00000000000412,1.688405796253017,5.0,5.277377581035943,True,1.3309872617265608e-06,2.6619745234531217e-05,-15.747961052763221
86.2,29.767815464306977,127.68227197129492,30.0,129.30000000000413,1.6343052448934892,5.0,5.260318776793509,True,1.3442534874960823e-06,2.6885069749921646e-05,-15.704888324631575
86.4,29.76264778339158,128.0410370627909,30.0,129.60000000000414,1.5769278722672946,5.0,5.242776126665476,True,1.3580795394303647e-06,2.7161590788607295e-05,-15.660447980703903
86.60000000000001,29.758694079546963,128.40291703215124,30.0,129.90000000000416,1.5164056053315649,5.0,5.224890999808608,True,1.3723703736407277e-06,2.7447407472814553e-05,-15.614986702821291
86.80000000000001,29.757133838024643,128.76771685574968,30.0,130.20000000000417,1.4527281156321548,5.0,5.206766652918887,True,1.3870565609742124e-06,2.7741131219484247e-05,-15.568758333722144
87.0,29.758827820013128,129.13520389206133,30.0,130.50000000000418,1.3859409932084321,5.0,5.18852892799641,True,1.4020457909540915e-06,2.804091581908183e-05,-15.522078063730483
87.2,29.76430782385098,129.50506983281343,30.0,130.8000000000042,1.316204748433366,5.0,5.1703379908666065,True,1.417211354555663e-06,2.834422709111326e-05,-15.475353811369772
87.4,29.7738106787294,129.87676865619838,30.0,131.1000000000042,1.2439680580810144,5.0,5.152422394323455,True,1.432360781857077e-06,2.864721563714154e-05,-15.429175828480325
87.60000000000001,29.78710718004488,130.2494757255916,30.0,131.4000000000042,1.1700553229660227,5.0,5.1350783303471745,True,1.4472322360791886e-06,2.894464472158377e-05,-15.38431776772688
87.80000000000001,29.803502830193157,130.62261255231633,30.0,131.70000000000422,1.0951597372883743,5.0,5.118532489901528,True,1.461610746932506e-06,2.9232214938650117e-05,-15.341382766990321
88.0,29.82209515923963,130.99595372915235,30.0,132.00000000000423,1.019685758642119,5.0,5.102916719522038,True,1.4753553381075872e-06,2.9507106762151746e-05,-15.300733719582745
88.2,29.841868973051227,131.36912853882924,30.0,132.30000000000425,0.9442071271251646,5.0,5.088371753214771,True,1.4883120679917e-06,2.9766241359834e-05,-15.262760010852073
88.4,29.86163674099999,131.7412612416134,30.0,132.60000000000426,0.8698141448630264,5.0,5.075093757420034,True,1.500272281809259e-06,3.000544563618518e-05,-15.22799918776273
88.60000000000001,29.880091902131227,132.11151792896896,30.0,132.90000000000427,0.7975474457852834,5.0,5.063208659365978,True,1.511086200661818e-06,3.0221724013236358e-05,-15.196807647461977
88.80000000000001,29.89600705591056,132.47936413472354,30.0,133.20000000000428,0.7281006680049895,5.0,5.052734960667273,True,1.5207017918752687e-06,3.0414035837505375e-05,-15.169259466542272
89.0,29.908559712491407,132.8441586882151,30.0,133.5000000000043,0.6621851345575773,5.0,5.043658310435892,True,1.5291005455074704e-06,3.058201091014941e-05,-15.145339610928225
89.2,29.917493503547654,133.2051528762212,30.0,133.8000000000043,0.6005417742587641,5.0,5.035935903348042,True,1.5362947072845332e-06,3.072589414569066e-05,-15.12495469974814
89.4,29.92293396076979,133.5616215125466,30.0,134.10000000000431,0.543866316441729,5.0,5.029492078745118,True,1.5423321470249856e-06,3.084664294049971e-05,-15.107920935998953
89.60000000000001,29.92519761131074,133.91288685041022,30.0,134.40000000000433,0.49282311011265656,5.0,5.024228758512207,True,1.5472869040540476e-06,3.094573808108095e-05,-15.093991545701977
89.80000000000001,29.924690979518623,134.25789526900576,30.0,134.70000000000434,0.448473011158075,5.0,5.020072513593523,True,1.5512144173804272e-06,3.1024288347608546e-05,-15.082981718034915
90.0,29.92206659009286,134.5953174560134,30.0,135.00000000000435,0.4121184026353932,5.0,5.0169554091889985,True,1.554168659390784e-06,3.108337318781568e-05,-15.074718573948406
90.2,29.918336188078325,134.9241412330922,30.0,135.30000000000436,0.3846281201918392,5.0,5.014772057715316,True,1.5562423809563208e-06,3.112484761912641e-05,-15.06892766107759
90.4,29.91475338031271,135.24465072350893,30.0,135.60000000000437,0.36543138134805286,5.0,5.013336223960442,True,1.557608119812059e-06,3.115216239624118e-05,-15.065118018407489
90.6,29.91257546242561,135.55734416329264,30.0,135.90000000000438,0.35363267977199153,5.0,5.012490007192306,True,1.5584137704092429e-06,3.1168275408184855e-05,-15.062872272845858
90.8,29.9129488313494,135.86358813175667,30.0,136.2000000000044,0.3474922316561311,5.0,5.012060539444966,True,1.5588228616696008e-06,3.117645723339202e-05,-15.061732378131673
91.0,29.91676798958532,136.16521245623892,30.0,136.5000000000044,0.344978647191673,5.0,5.0118868968701,True,1.5589883060548115e-06,3.117976612109623e-05,-15.061271467705987
91.2,29.924551220619666,136.46386735774803,30.0,136.80000000000442,0.34449625759976416,5.0,5.011853716091506,True,1.559019922919326e-06,3.118039845838652e-05,-15.06118339205778
91.4,29.93634683782192,136.76089804699862,30.0,137.10000000000443,0.34502443331976196,5.0,5.011890048633113,True,1.5589853028884972e-06,3.117970605776994e-05,-15.061279833771401
91.6,29.951797742478973,137.05720254765237,30.0,137.40000000000444,0.34616982966341137,5.0,5.011969029330608,True,1.5589100484126715e-06,3.117820096825343e-05,-15.061489479060377
91.8,29.970108664176347,137.35302547090606,30.0,137.70000000000445,0.3482596959172443,5.0,5.012113807147676,True,1.558772113563778e-06,3.1175442271275564e-05,-15.061873766750162
92.0,29.989923509058197,137.64748711287973,30.0,138.00000000000446,0.35265687467950224,5.0,5.0124212583599475,True,1.5584792478164353e-06,3.116958495632871e-05,-15.06268980603374
92.2,30.00919638905268,137.939152180917,30.0,138.30000000000447,0.36096498737660154,5.0,5.013012639332938,True,1.5579161270997802e-06,3.11583225419956e-05,-15.064259313064326
92.4,30.02587189164341,138.2306646016608,30.0,138.60000000000448,0.37024045058163557,5.0,5.01368906008808,True,1.5572723612385024e-06,3.114544722477005e-05,-15.06605428608902
92.6,30.038193540038204,138.52473292516171,30.0,138.9000000000045,0.3772056785915449,5.0,5.01420822503032,True,1.5567784988327204e-06,3.113556997665441e-05,-15.067431795507373
92.8,30.04484036572558,138.82315336783014,30.0,139.2000000000045,0.37950499677812344,5.0,5.0143817208684425,True,1.5566135049734896e-06,3.1132270099469794e-05,-15.067892103252696
93.0,30.04501957651063,139.12664556413807,30.0,139.50000000000452,0.3760589010385854,5.0,5.014122086372683,True,1.556860424974989e-06,3.113720849949978e-05,-15.067203252170206
93.2,30.038431922265595,139.43513725848717,30.0,139.80000000000453,0.36688122437185305,5.0,5.013442114236145,True,1.5575073446275554e-06,3.1150146892551106e-05,-15.065399010281194
93.4,30.02519557695585,139.7479674839436,30.0,140.10000000000454,0.3529330098791232,5.0,5.012440693859863,True,1.558460736788186e-06,3.116921473576372e-05,-15.062741390199383
93.6,30.00591934518434,140.0640218464424,30.0,140.40000000000455,0.33603029375110516,5.0,5.01127891444075,True,1.5595677673792198e-06,3.119135534758439e-05,-15.05965753579239
93.8,29.981748115920848,140.38217999450364,30.0,140.70000000000456,0.31834366205257425,5.0,5.010124019140549,True,1.560669272320982e-06,3.121338544641964e-05,-15.056591246072843
94.0,29.954347067993066,140.701300340853,30.0,141.00000000000458,0.302168291814498,5.0,5.0091222461203815,True,1.5616255697044683e-06,3.123251139408936e-05,-15.053930929154
94.2,29.9257983048634,141.02066359987862,30.0,141.3000000000046,0.28902372912354674,5.0,5.008346505184768,True,1.5623666298120075e-06,3.124733259624015e-05,-15.051870499415735
94.4,29.89847100501485,141.3400295918156,30.0,141.6000000000046,0.2790927264488363,5.0,5.007783217148746,True,1.5629050274481279e-06,3.125810054896256e-05,-15.050374161494473
94.6,29.87449775327092,141.66010800107554,30.0,141.9000000000046,0.27073785306866643,5.0,5.007324533629135,True,1.5633436246063337e-06,3.126687249212667e-05,-15.04915557431196
94.8,29.855435391251568,141.98154058274287,30.0,142.20000000000462,0.2619607663237624,5.0,5.006857641584483,True,1.563790238515604e-06,3.127580477031208e-05,-15.04791506484773
95.0,29.842207389797142,142.30471435451994,30.0,142.50000000000463,0.25106770235735676,5.0,5.006299530707986,True,1.5643243315188908e-06,3.128648663037782e-05,-15.046432039586273
95.2,29.835110965525946,142.62959779721842,30.0,142.80000000000464,0.23711875590973866,5.0,5.005619372705458,True,1.5649755466081094e-06,3.1299510932162186e-05,-15.044624484319108
95.4,29.834000571292552,142.95607837525702,30.0,143.10000000000466,0.21970262720595238,5.0,5.004824596766723,True,1.5657369579471927e-06,3.1314739158943856e-05,-15.042512014719545
95.6,29.838527056193453,143.28391845219943,30.0,143.40000000000467,0.19886788911840936,5.0,5.003953280889262,True,1.5665722608384215e-06,3.133144521676843e-05,-15.040195720767453
95.8,29.848254041248776,143.6129792313451,30.0,143.70000000000468,0.17492698526937805,5.0,5.003059009263776,True,1.56743018545198e-06,3.13486037090396e-05,-15.03781798213291
96.0,29.862713874687092,143.94299240912886,30.0,144.0000000000047,0.14865175956206225,5.0,5.002209246485086,True,1.5682459878030274e-06,3.1364919756060545e-05,-15.035558192232415
96.2,29.88125196061643,144.27324925324697,30.0,144.3000000000047,0.12172386499588977,5.0,5.001481450461407,True,1.568945145565683e-06,3.137890291131366e-05,-15.03362244556975
96.4,29.903079896879,144.6028539329386,30.0,144.6000000000047,0.09696211281823652,5.0,5.000940076757787,True,1.5694654847775893e-06,3.138930969555178e-05,-15.03218235071196
96.6,29.927360494604294,144.9304665332575,30.0,144.90000000000472,0.07876996504109025,5.0,5.00062043224564,True,1.569772817326267e-06,3.139545634652534e-05,-15.031331999017812
96.8,29.953406595449348,145.25438527964843,30.0,145.20000000000474,0.07161497042898092,5.0,5.000512844098048,True,1.5698762793848475e-06,3.139752558769695e-05,-15.0310457695714
97.0,29.980680714749088,145.57321788429755,30.0,145.50000000000475,0.07572379654322858,5.0,5.000573376460236,True,1.5698180673728933e-06,3.1396361347457865e-05,-15.031206811716162
97.2,30.00852899894719,145.88567351945727,30.0,145.80000000000476,0.0860970136440359,5.0,5.000741214635928,True,1.569656677810526e-06,3.139313355621052e-05,-15.031653323327967
97.4,30.03601100694486,146.1899062320785,30.0,146.10000000000477,0.09685000354609301,5.0,5.00093790435223,True,1.5694675732377503e-06,3.1389351464755005e-05,-15.032176571635397
97.6,30.061761201393477,146.48193367099842,30.0,146.40000000000478,0.10260395918315647,5.0,5.001052646437554,True,1.5693572700234899e-06,3.13871454004698e-05,-15.03248180738254
97.8,30.083872763494146,146.75465385123044,30.0,146.7000000000048,0.10010836083934532,5.0,5.001002067976971,True,1.5694058905565461e-06,3.138811781113092e-05,-15.03234725993098
98.0,30.10113826461766,147.0055658451537,30.0,147.0000000000048,0.10129129874818188,5.0,5.001025887475698,True,1.569382992878338e-06,3.1387659857566756e-05,-15.032410624086161
98.2,30.113330780223844,147.23688172119762,30.0,147.3000000000048,0.12972194442624008,5.0,5.00168249520756,True,1.5687519704646786e-06,3.1375039409293574e-05,-15.03415720005631
98.4,30.12073663367746,147.45196065693108,30.0,147.60000000000483,0.19103136341834537,5.0,5.003647967414322,True,1.566865095029654e-06,3.133730190059308e-05,-15.039383984266658
98.6,30.12379578779142,147.65331991120271,30.0,147.90000000000484,0.27600083928553754,5.0,5.00761185229909,True,1.5630688689023817e-06,3.126137737804763e-05,-15.049918908559459
98.8,30.122914784278457,147.84348359349667,30.0,148.20000000000485,0.3771100533050314,5.0,5.014201032298538,True,1.5567853395931231e-06,3.113570679186246e-05,-15.067412711880706
99.0,30.118260414450223,148.02497361648977,30.0,148.50000000000486,0.48952588354586535,5.0,5.0239064074344935,True,1.5475910429544868e-06,3.0951820859089735e-05,-15.09313796860537
99.2,30.10975062556589,148.2002557697034,30.0,148.80000000000487,0.6097034866162442,5.0,5.037036662720652,True,1.535266504704351e-06,3.070533009408702e-05,-15.127862294243005
99.4,30.097089601788145,148.3721132039171,30.0,149.10000000000488,0.7343334247426738,5.0,5.053636866524375,True,1.5198705908695722e-06,3.0397411817391444e-05,-15.171633927490264
99.6,30.0797898203266,148.5435328742599,30.0,149.4000000000049,0.8601757686133841,5.0,5.073450734254707,True,1.5017610949714855e-06,3.0035221899429708e-05,-15.223691551485597
99.8,30.05771318003817,148.71519817497375,30.0,149.7000000000049,0.9864914828496051,5.0,5.096387489755347,True,1.4811530256946636e-06,2.962306051389327e-05,-15.283700742539798
100.0,30.03158983064598,148.88457652509666,30.0,150.00000000000492,1.1158707119450029,5.0,5.123003752270405,True,1.4577065572724871e-06,2.9154131145449744e-05,-15.35299896940911
