;current_time;lat;lon;height;previous_lat;previous_lon;previous_height;last_speed_update;current_course_over_ground;current_speed;current_fuel_capacity;current_orientation_1;current_orientation_2;current_orientation_3;current_rotational_velocities_1;current_rotational_velocities_2;current_rotational_velocities_3;observer_lat;observer_lon;observer_height;north_from_observer;east_from_observer;down_from_observer;previous_time;cycle_time;speed_n;speed_e;speed_surge;speed_sway;n1;n2;north_error;east_error;distance_to_target;yaw_setpoint;current_angle;tau_X;tau_N;target_north_from_observer;target_east_from_observer
2025-03-25_13:58:20:051188;1742907500.0511885;0.0;0.0;0.0;0.0;0.0;0.0;1742907474.7962875;0;0;0;0;0;0;0;0;0;59.908642666666665;10.71945885;0.0;0.0;0.0;0.0;1742907474.8073142;25.243874311447144;0.0;0.0;0.0;-0.0;;;;;;;;;;;
2025-03-25_13:58:23:162483;1742907503.162484;0.0;0.0;0.0;0.0;0.0;0.0;1742907474.7962875;0;0;0;0;0;0;0;0;0;0.0;0.0;0.0;-5403667.344084047;-1186335.5269152317;3220066.8878556937;1742907500.0511885;3.111295461654663;0.0;0.0;0.0;-0.0;918.5442465671308;880.4747782275015;5403647.344084047;1186315.5269152317;5532336.680700727;0.21611128501261273;0.0;196.71294735495815;3.2870526450418405;-20.0;-20.15
2025-03-25_13:58:23:271227;1742907503.2702336;0.0;0.0;0.0;0.0;0.0;0.0;1742907474.7962875;0;0;0;0;0;0;0;0;0;0.0;0.0;0.0;0.0;0.0;-0.0;1742907503.162484;0.10774970054626465;0.0;0.0;0.0;-0.0;0.954929658551372;1114.4903354140386;-20.0;-20.15;28.39053539474027;-2.3524585175366846;0.0;-99.00617285958167;-80.12013405444976;-20.0;-20.299999999999997
2025-03-25_13:58:23:379045;1742907503.3780708;0.0;0.0;0.0;0.0;0.0;0.0;1742907474.7962875;0;0;0;0;0;0;0;0;0;0.0;0.0;0.0;0.0;0.0;-0.0;1742907503.2702336;0.10783720016479492;0.0;0.0;0.0;-0.0;198.52315994996263;884.5518038142355;-20.0;-20.299999999999997;28.497192844208357;-2.3487504589610935;0.0;-99.85872938455056;-35.66111008377144;-20.0;-20.449999999999996
2025-03-25_13:58:23:488599;1742907503.4875965;0.0;0.0;0.0;0.0;0.0;0.0;1742907474.7962875;0;0;0;0;0;0;0;0;0;0.0;0.0;0.0;0.0;0.0;-0.0;1742907503.3780708;0.10952568054199219;0.0;0.0;0.0;-0.0;208.58065246227125;886.2091792074177;-20.0;-20.449999999999996;28.60423919631494;-2.3450701036150807;0.0;-100.71282512488307;-35.60545398841904;-20.0;-20.599999999999994
2025-03-25_13:58:23:597387;1742907503.596385;0.0;0.0;0.0;0.0;0.0;0.0;1742907474.7962875;0;0;0;0;0;0;0;0;0;0.0;0.0;0.0;0.0;0.0;-0.0;1742907503.4875965;0.10878849029541016;0.0;0.0;0.0;-0.0;218.17261680831848;887.8711334596176;-20.0;-20.599999999999994;28.711670101197523;-2.341417240784853;0.0;-101.56844980147875;-35.55050178659823;-20.0;-20.749999999999993
2025-03-25_13:58:23:706024;1742907503.7049186;0.0;0.0;0.0;0.0;0.0;0.0;1742907474.7962875;0;0;0;0;0;0;0;0;0;0.0;0.0;0.0;0.0;0.0;-0.0;1742907503.596385;0.10853362083435059;0.0;0.0;0.0;-0.0;227.3710813487606;889.534244826858;-20.0;-20.749999999999993;28.819481258343284;-2.337791659958033;0.0;-102.42559312249367;-35.4956775870794;-20.0;-20.89999999999999
2025-03-25_13:58:23:815995;1742907503.815459;0.0;0.0;0.0;0.0;0.0;0.0;1742907474.7962875;0;0;0;0;0;0;0;0;0;0.0;0.0;0.0;0.0;0.0;-0.0;1742907503.7049186;0.11054039001464844;0.0;0.0;0.0;-0.0;236.18782792578529;891.207521313954;-20.0;-20.89999999999999;28.927668416241218;-2.334193150885887;0.0;-103.28424478680935;-35.442527768354275;-20.0;-21.04999999999999
2025-03-25_13:58:23:925673;1742907503.9248786;0.0;0.0;0.0;0.0;0.0;0.0;1742907474.7962875;0;0;0;0;0;0;0;0;0;0.0;0.0;0.0;0.0;0.0;-0.0;1742907503.815459;0.10941958427429199;0.0;0.0;0.0;-0.0;244.7281770107185;892.8733052150751;-20.0;-21.04999999999999;29.03622737202613;-2.330621503643121;0.0;-104.1443944873832;-35.388039406440235;-20.0;-21.19999999999999
2025-03-25_13:58:24:035214;1742907504.0342157;0.0;0.0;0.0;0.0;0.0;0.0;1742907474.7962875;0;0;0;0;0;0;0;0;0;0.0;0.0;0.0;0.0;0.0;-0.0;1742907503.9248786;0.10933709144592285;0.0;0.0;0.0;-0.0;252.9723688804788;894.5450956391978;-20.0;-21.19999999999999;29.145153971114986;-2.3270765086853062;0.0;-105.00603191448339;-35.33452762407433;-20.0;-21.349999999999987
2025-03-25_13:58:24:144079;1742907504.14408;0.0;0.0;0.0;0.0;0.0;0.0;1742907474.7962875;0;0;0;0;0;0;0;0;0;0.0;0.0;0.0;0.0;0.0;-0.0;1742907504.0342157;0.1098642349243164;0.0;0.0;0.0;-0.0;260.9532825145455;896.2214117543547;-20.0;-21.349999999999987;29.254444106836136;-2.3235579569039935;0.0;-105.86914675881;-35.281747490804186;-20.0;-21.499999999999986
2025-03-25_13:58:24:253677;1742907504.2526789;0.0;0.0;0.0;0.0;0.0;0.0;1742907474.7962875;0;0;0;0;0;0;0;0;0;0.0;0.0;0.0;0.0;0.0;-0.0;1742907504.14408;0.10859894752502441;0.0;0.0;0.0;-0.0;268.7197793576163;897.8945796315288;-20.0;-21.499999999999986;29.364093720052033;-2.32006563967957;0.0;-106.73372871450586;-35.22838463192128;-20.0;-21.649999999999984
2025-03-25_13:58:24:361033;1742907504.3590362;0.0;0.0;0.0;0.0;0.0;0.0;1742907474.7962875;0;0;0;0;0;0;0;0;0;0.0;0.0;0.0;0.0;0.0;-0.0;1742907504.2526789;0.10635733604431152;0.0;0.0;0.0;-0.0;276.2819879325618;899.5670125957117;-20.0;-21.649999999999984;29.474098798775838;-2.316599348931924;0.0;-107.59976748205872;-35.17485685808957;-20.0;-21.799999999999983
2025-03-25_13:58:24:470044;1742907504.4690447;0.0;0.0;0.0;0.0;0.0;0.0;1742907474.7962875;0;0;0;0;0;0;0;0;0;0.0;0.0;0.0;0.0;0.0;-0.0;1742907504.3590362;0.11000847816467285;0.0;0.0;0.0;-0.0;283.5861704874129;901.2607208405165;-20.0;-21.799999999999983;29.584455377782422;-2.3131588771689677;0.0;-108.46725277109786;-35.124975755396704;-20.0;-21.94999999999998
2025-03-25_13:58:24:580195;1742907504.579194;0.0;0.0;0.0;0.0;0.0;0.0;1742907474.7962875;0;0;0;0;0;0;0;0;0;0.0;0.0;0.0;0.0;0.0;-0.0;1742907504.4690447;0.11014938354492188;0.0;0.0;0.0;-0.0;290.73555344397323;902.9485685056305;-20.0;-21.94999999999998;29.69515953821429;-2.3097440175330792;0.0;-109.33617430308709;-35.07406213829492;-20.0;-22.09999999999998
2025-03-25_13:58:24:687584;1742907504.687585;0.0;0.0;0.0;0.0;0.0;0.0;1742907474.7962875;0;0;0;0;0;0;0;0;0;0.0;0.0;0.0;0.0;0.0;-0.0;1742907504.579194;0.10839104652404785;0.0;0.0;0.0;-0.0;297.76166373265573;904.6238352411677;-20.0;-22.09999999999998;29.806207407182807;-2.306354563845515;0.0;-110.20652181391718;-35.02094724381012;-20.0;-22.24999999999998
2025-03-25_13:58:24:797030;1742907504.7960293;0.0;0.0;0.0;0.0;0.0;0.0;1742907474.7962875;0;0;0;0;0;0;0;0;0;0.0;0.0;0.0;0.0;0.0;-0.0;1742907504.687585;0.1084442138671875;0.0;0.0;0.0;-0.0;304.584917592879;906.3161608838594;-20.0;-22.24999999999998;29.917595157365156;-2.3029903106488545;0.0;-111.0782850563994;-34.970780044788526;-20.0;-22.399999999999977
2025-03-25_13:58:24:906178;1742907504.906178;0.0;0.0;0.0;0.0;0.0;0.0;1742907474.7962875;0;0;0;0;0;0;0;0;0;0.0;0.0;0.0;0.0;0.0;-0.0;1742907504.7960293;0.11014866828918457;0.0;0.0;0.0;-0.0;311.2563403961011;908.0124874015213;-20.0;-22.399999999999977;30.029319006597518;-2.299651053247528;0.0;-111.95145380266315;-34.92130492245105;-20.0;-22.549999999999976
2025-03-25_13:58:25:015656;1742907505.0146255;0.0;0.0;0.0;0.0;0.0;0.0;1742907474.7962875;0;0;0;0;0;0;0;0;0;0.0;0.0;0.0;0.0;0.0;-0.0;1742907504.906178;0.10844755172729492;0.0;0.0;0.0;-0.0;317.81967240401343;909.7008063857619;-20.0;-22.549999999999976;30.141375217464763;-2.296336587746478;0.0;-112.82601784646;-34.87043261157748;-20.0;-22.699999999999974
2025-03-25_13:58:25:123589;1742907505.1225677;0.0;0.0;0.0;0.0;0.0;0.0;1742907474.7962875;0;0;0;0;0;0;0;0;0;0.0;0.0;0.0;0.0;0.0;-0.0;1742907505.0146255;0.10794210433959961;0.0;0.0;0.0;-0.0;324.2430519673828;911.3947875259123;-20.0;-22.699999999999974;30.25376009688711;-2.2930467110880137;0.0;-113.70196700537608;-34.8205510992262;-20.0;-22.849999999999973
2025-03-25_13:58:25:230519;1742907505.229518;0.0;0.0;0.0;0.0;0.0;0.0;1742907474.7962875;0;0;0;0;0;0;0;0;0;0.0;0.0;0.0;0.0;0.0;-0.0;1742907505.1225677;0.10695028305053711;0.0;0.0;0.0;-0.0;330.5401254638834;913.092367234461;-20.0;-22.849999999999973;30.366469995704122;-2.289781221086906;0.0;-114.57929112295592;-34.771308184979446;-20.0;-22.99999999999997
2025-03-25_13:58:25:339092;1742907505.3376894;0.0;0.0;0.0;0.0;0.0;0.0;1742907474.7962875;0;0;0;0;0;0;0;0;0;0.0;0.0;0.0;0.0;0.0;-0.0;1742907505.229518;0.10817146301269531;0.0;0.0;0.0;-0.0;336.7202853348656;914.7926310847855;-20.0;-22.99999999999997;30.479501308256317;-2.286539916463777;0.0;-115.45798007073886;-34.72255079519141;-20.0;-23.14999999999997
2025-03-25_13:58:25:448176;1742907505.4471576;0.0;0.0;0.0;0.0;0.0;0.0;1742907474.7962875;0;0;0;0;0;0;0;0;0;0.0;0.0;0.0;0.0;0.0;-0.0;1742907505.3376894;0.10946822166442871;0.0;0.0;0.0;-0.0;342.79170346853215;916.4948274806663;-20.0;-23.14999999999997;30.59285047196483;-2.2833225968768316;0.0;-116.33802375021176;-34.674153305374155;-20.0;-23.29999999999997
2025-03-25_13:58:25:557373;1742907505.5563776;0.0;0.0;0.0;0.0;0.0;0.0;1742907474.7962875;0;0;0;0;0;0;0;0;0;0.0;0.0;0.0;0.0;0.0;-0.0;1742907505.4471576;0.10922002792358398;0.0;0.0;0.0;-0.0;348.7560872916316;918.2004091368093;-20.0;-23.29999999999997;30.70651396690934;-2.280129062951982;0.0;-117.21941209467894;-34.62637766403887;-20.0;-23.449999999999967
2025-03-25_13:58:25:666199;1742907505.6651995;0.0;0.0;0.0;0.0;0.0;0.0;1742907474.7962875;0;0;0;0;0;0;0;0;0;0.0;0.0;0.0;0.0;0.0;-0.0;1742907505.5563776;0.10882186889648438;0.0;0.0;0.0;-0.0;354.63136620970056;919.9044825193731;-20.0;-23.449999999999967;30.820488315404713;-2.2769591163114167;0.0;-118.10213507105243;-34.578366947073356;-20.0;-23.599999999999966
2025-03-25_13:58:25:775178;1742907505.7741954;0.0;0.0;0.0;0.0;0.0;0.0;1742907474.7962875;0;0;0;0;0;0;0;0;0;0.0;0.0;0.0;0.0;0.0;-0.0;1742907505.6651995;0.10899591445922852;0.0;0.0;0.0;-0.0;360.40923340100215;921.611964035739;-20.0;-23.599999999999966;30.934770081576467;-2.273812559600655;0.0;-118.98618268156429;-34.53099348237577;-20.0;-23.749999999999964
2025-03-25_13:58:25:885045;1742907505.884046;0.0;0.0;0.0;0.0;0.0;0.0;1742907474.7962875;0;0;0;0;0;0;0;0;0;0.0;0.0;0.0;0.0;0.0;-0.0;1742907505.7741954;0.10985064506530762;0.0;0.0;0.0;-0.0;366.09367066468434;923.3230403437909;-20.0;-23.749999999999964;31.049355870935525;-2.270689196514141;0.0;-119.8715449654031;-34.48429764277969;-20.0;-23.899999999999963
2025-03-25_13:58:25:993458;1742907505.9924943;0.0;0.0;0.0;0.0;0.0;0.0;1742907474.7962875;0;0;0;0;0;0;0;0;0;0.0;0.0;0.0;0.0;0.0;-0.0;1742907505.884046;0.10844826698303223;0.0;0.0;0.0;-0.0;371.7089179910843;925.0296296614696;-20.0;-23.899999999999963;31.16424232995242;-2.267588831819417;0.0;-120.75821200027698;-34.43685166923075;-20.0;-24.04999999999996
2025-03-25_13:58:26:102318;1742907506.1013212;0.0;0.0;0.0;0.0;0.0;0.0;1742907474.7962875;0;0;0;0;0;0;0;0;0;0.0;0.0;0.0;0.0;0.0;-0.0;1742907505.9924943;0.10882687568664551;0.0;0.0;0.0;-0.0;377.2309317848739;926.7427579179388;-20.0;-24.04999999999996;31.279426145631223;-2.2645112713799236;0.0;-121.64617390390553;-34.39061672478372;-20.0;-24.19999999999996
2025-03-25_13:58:26:209764;1742907506.2087653;0.0;0.0;0.0;0.0;0.0;0.0;1742907474.7962875;0;0;0;0;0;0;0;0;0;0.0;0.0;0.0;0.0;0.0;-0.0;1742907506.1013212;0.10744404792785645;0.0;0.0;0.0;-0.0;382.6872083844011;928.4526759223165;-20.0;-24.19999999999996;31.394904045083464;-2.261456322176474;0.0;-122.53542083544112;-34.34386540860338;-20.0;-24.34999999999996
2025-03-25_13:58:26:318104;1742907506.317108;0.0;0.0;0.0;0.0;0.0;0.0;1742907474.7962875;0;0;0;0;0;0;0;0;0;0.0;0.0;0.0;0.0;0.0;-0.0;1742907506.2087653;0.10834264755249023;0.0;0.0;0.0;-0.0;388.05407381211313;930.1703916724704;-20.0;-24.34999999999996;31.510672795102266;-2.2584237923274366;0.0;-123.42594299682408;-34.298564152640076;-20.0;-24.499999999999957
2025-03-25_13:58:26:426489;1742907506.4258687;0.0;0.0;0.0;0.0;0.0;0.0;1742907474.7962875;0;0;0;0;0;0;0;0;0;0.0;0.0;0.0;0.0;0.0;-0.0;1742907506.317108;0.10876083374023438;0.0;0.0;0.0;-0.0;393.35308281565085;931.8882657196637;-20.0;-24.499999999999957;31.626729201736907;-2.255413491107678;0.0;-124.31773063407147;-34.253357797149086;-20.0;-24.649999999999956
2025-03-25_13:58:26:535973;1742907506.5349724;0.0;0.0;0.0;0.0;0.0;0.0;1742907474.7962875;0;0;0;0;0;0;0;0;0;0.0;0.0;0.0;0.0;0.0;-0.0;1742907506.4258687;0.10910367965698242;0.0;0.0;0.0;-0.0;398.58431081774216;933.6073776251611;-20.0;-24.649999999999956;31.74307010986804;-2.252425228966299;0.0;-125.21077403850241;-34.20844382673995;-20.0;-24.799999999999955
2025-03-25_13:58:26:645635;1742907506.6441362;0.0;0.0;0.0;0.0;0.0;0.0;1742907474.7962875;0;0;0;0;0;0;0;0;0;0.0;0.0;0.0;0.0;0.0;-0.0;1742907506.5349724;0.10916376113891602;0.0;0.0;0.0;-0.0;403.7456657202038;935.3297184184049;-20.0;-24.799999999999955;31.859692402783768;-2.24945881754321;0.0;-126.10506354790205;-34.16418480004837;-20.0;-24.949999999999953
2025-03-25_13:58:26:755530;1742907506.7548218;0.0;0.0;0.0;0.0;0.0;0.0;1742907474.7962875;0;0;0;0;0;0;0;0;0;0.0;0.0;0.0;0.0;0.0;-0.0;1742907506.6441362;0.11068558692932129;0.0;0.0;0.0;-0.0;408.8529751975852;937.0494769031734;-20.0;-24.949999999999953;31.976593001756733;-2.246514069684583;0.0;-127.00058954762534;-34.119542315388955;-20.0;-25.09999999999995
2025-03-25_13:58:26:862646;1742907506.8626463;0.0;0.0;0.0;0.0;0.0;0.0;1742907474.7962875;0;0;0;0;0;0;0;0;0;0.0;0.0;0.0;0.0;0.0;-0.0;1742907506.7548218;0.10782456398010254;0.0;0.0;0.0;-0.0;413.9072791530709;938.7670489344318;-20.0;-25.09999999999995;32.09376886562246;-2.243590799457214;0.0;-127.89734247164259;-34.07458893607035;-20.0;-25.24999999999995
2025-03-25_13:58:26:973329;1742907506.9723153;0.0;0.0;0.0;0.0;0.0;0.0;1742907474.7962875;0;0;0;0;0;0;0;0;0;0.0;0.0;0.0;0.0;0.0;-0.0;1742907506.8626463;0.10966897010803223;0.0;0.0;0.0;-0.0;418.8814214489612;940.4953548073769;-20.0;-25.24999999999995;32.211216990359084;-2.240688822161842;0.0;-128.79531280352938;-34.03165907263041;-20.0;-25.39999999999995
2025-03-25_13:58:27:082406;1742907507.0814028;0.0;0.0;0.0;0.0;0.0;0.0;1742907474.7962875;0;0;0;0;0;0;0;0;0;0.0;0.0;0.0;0.0;0.0;-0.0;1742907506.9723153;0.10908746719360352;0.0;0.0;0.0;-0.0;423.8127669695198;942.2187577131208;-20.0;-25.39999999999995;32.328934408668616;-2.237807954345454;0.0;-129.69449107740118;-33.98793863954239;-20.0;-25.549999999999947
2025-03-25_13:58:27:190893;1742907507.190894;0.0;0.0;0.0;0.0;0.0;0.0;1742907474.7962875;0;0;0;0;0;0;0;0;0;0.0;0.0;0.0;0.0;0.0;-0.0;1742907507.0814028;0.10949110984802246;0.0;0.0;0.0;-0.0;428.68393945991534;943.945805657763;-20.0;-25.549999999999947;32.446918189559966;-2.2349480138126117;0.0;-130.59486787879592;-33.94497553385181;-20.0;-25.699999999999946
2025-03-25_13:58:27:300588;1742907507.2995896;0.0;0.0;0.0;0.0;0.0;0.0;1742907474.7962875;0;0;0;0;0;0;0;0;0;0.0;0.0;0.0;0.0;0.0;-0.0;1742907507.190894;0.10869574546813965;0.0;0.0;0.0;-0.0;433.5086847651337;945.6710666198015;-20.0;-25.699999999999946;32.565165437933786;-2.2321088196358407;0.0;-131.49643384550467;-33.90179089760843;-20.0;-25.849999999999945
2025-03-25_13:58:27:409325;1742907507.4093254;0.0;0.0;0.0;0.0;0.0;0.0;1742907474.7962875;0;0;0;0;0;0;0;0;0;0.0;0.0;0.0;0.0;0.0;-0.0;1742907507.2995896;0.10973572731018066;0.0;0.0;0.0;-0.0;438.27252054553645;947.401918970526;-20.0;-25.849999999999945;32.683673294169324;-2.22929019216511;0.0;-132.3991796683529;-33.859728615758236;-20.0;-25.999999999999943
2025-03-25_13:58:27:518536;1742907507.5175424;0.0;0.0;0.0;0.0;0.0;0.0;1742907474.7962875;0;0;0;0;0;0;0;0;0;0.0;0.0;0.0;0.0;0.0;-0.0;1742907507.4093254;0.10821700096130371;0.0;0.0;0.0;-0.0;443.0001962446135;949.1276578530787;-20.0;-25.999999999999943;32.802438933713404;-2.226491953036434;0.0;-133.30309609193426;-33.816847345853425;-20.0;-26.14999999999994
2025-03-25_13:58:27:627685;1742907507.6266885;0.0;0.0;0.0;0.0;0.0;0.0;1742907474.7962875;0;0;0;0;0;0;0;0;0;0.0;0.0;0.0;0.0;0.0;-0.0;1742907507.5175424;0.1091461181640625;0.0;0.0;0.0;-0.0;447.6672139767136;950.8603447061876;-20.0;-26.14999999999994;32.92145956667166;-2.2237139251796347;0.0;-134.20817391529778;-33.77534738571786;-20.0;-26.29999999999994
2025-03-25_13:58:27:734331;1742907507.7333348;0.0;0.0;0.0;0.0;0.0;0.0;1742907474.7962875;0;0;0;0;0;0;0;0;0;0.0;0.0;0.0;0.0;0.0;-0.0;1742907507.6266885;0.10664629936218262;0.0;0.0;0.0;-0.0;452.30011726188076;952.588190919008;-20.0;-26.29999999999994;33.04073243740212;-2.2209559328252926;0.0;-135.1144039925892;-33.73308340141994;-20.0;-26.44999999999994
2025-03-25_13:58:27:844315;1742907507.8432386;0.0;0.0;0.0;0.0;0.0;0.0;1742907474.7962875;0;0;0;0;0;0;0;0;0;0.0;0.0;0.0;0.0;0.0;-0.0;1742907507.7333348;0.10990381240844727;0.0;0.0;0.0;-0.0;456.8739832164417;954.323612444377;-20.0;-26.44999999999994;33.1602548241113;-2.21821780151091;0.0;-136.02177723365062;-33.692328881448866;-20.0;-26.599999999999937
2025-03-25_13:58:27:955078;1742907507.9532957;0.0;0.0;0.0;0.0;0.0;0.0;1742907474.7962875;0;0;0;0;0;0;0;0;0;0.0;0.0;0.0;0.0;0.0;-0.0;1742907507.8432386;0.11005711555480957;0.0;0.0;0.0;-0.0;461.40031855084266;956.0618233474702;-20.0;-26.599999999999937;33.28002403845281;-2.215499358086332;0.0;-136.9302846045766;-33.65221653412618;-20.0;-26.749999999999936
2025-03-25_13:58:28:063480;1742907508.0634804;0.0;0.0;0.0;0.0;0.0;0.0;1742907474.7962875;0;0;0;0;0;0;0;0;0;0.0;0.0;0.0;0.0;0.0;-0.0;1742907507.9532957;0.1101846694946289;0.0;0.0;0.0;-0.0;465.9031561547485;957.791753667376;-20.0;-26.749999999999936;33.40003742512868;-2.2128004307184335;0.0;-137.83991712823067;-33.610717185367875;-20.0;-26.899999999999935
2025-03-25_13:58:28:174640;1742907508.1733792;0.0;0.0;0.0;0.0;0.0;0.0;1742907474.7962875;0;0;0;0;0;0;0;0;0;0.0;0.0;0.0;0.0;0.0;-0.0;1742907508.0634804;0.10989880561828613;0.0;0.0;0.0;-0.0;470.352608699396;959.5283918404937;-20.0;-26.899999999999935;33.52029236149345;-2.2101208488951185;0.0;-138.75066588472197;-33.57058709843009;-20.0;-27.049999999999933
2025-03-25_13:58:28:283249;1742907508.2825284;0.0;0.0;0.0;0.0;0.0;0.0;1742907474.7962875;0;0;0;0;0;0;0;0;0;0.0;0.0;0.0;0.0;0.0;-0.0;1742907508.1733792;0.10914921760559082;0.0;0.0;0.0;-0.0;474.768665643305;961.2625323284686;-20.0;-27.049999999999933;33.640786257161054;-2.207460443428647;0.0;-139.66252201184457;-33.53013766302868;-20.0;-27.199999999999932
2025-03-25_13:58:28:391793;1742907508.3907762;0.0;0.0;0.0;0.0;0.0;0.0;1742907474.7962875;0;0;0;0;0;0;0;0;0;0.0;0.0;0.0;0.0;0.0;-0.0;1742907508.2825284;0.10824775695800781;0.0;0.0;0.0;-0.0;479.14631809326346;962.9971026634663;-20.0;-27.199999999999932;33.761516553614655;-2.20481904645832;0.0;-140.57547670548016;-33.489911089990194;-20.0;-27.34999999999993
2025-03-25_13:58:28:500588;1742907508.4992049;0.0;0.0;0.0;0.0;0.0;0.0;1742907474.7962875;0;0;0;0;0;0;0;0;0;0.0;0.0;0.0;0.0;0.0;-0.0;1742907508.3907762;0.1084287166595459;0.0;0.0;0.0;-0.0;483.48103850863816;964.7348550350463;-20.0;-27.34999999999993;33.88248072381944;-2.2021964914525483;0.0;-141.48952121996493;-33.45042099277988;-20.0;-27.49999999999993
2025-03-25_13:58:28:608935;1742907508.6089354;0.0;0.0;0.0;0.0;0.0;0.0;1742907474.7962875;0;0;0;0;0;0;0;0;0;0.0;0.0;0.0;0.0;0.0;-0.0;1742907508.4992049;0.10973048210144043;0.0;0.0;0.0;-0.0;487.77394638105596;966.4757479536513;-20.0;-27.49999999999993;34.00367627183855;-2.199592613210331;0.0;-142.40464686842293;-33.41166628930733;-20.0;-27.649999999999928
2025-03-25_13:58:28:718102;1742907508.717105;0.0;0.0;0.0;0.0;0.0;0.0;1742907474.7962875;0;0;0;0;0;0;0;0;0;0.0;0.0;0.0;0.0;0.0;-0.0;1742907508.6089354;0.1081695556640625;0.0;0.0;0.0;-0.0;492.0432785076128;968.211016282267;-20.0;-27.649999999999928;34.125100732452;-2.1970072478621607;0.0;-143.32084502306668;-33.37202429747658;-20.0;-27.799999999999926
2025-03-25_13:58:28:828413;1742907508.8274133;0.0;0.0;0.0;0.0;0.0;0.0;1742907474.7962875;0;0;0;0;0;0;0;0;0;0.0;0.0;0.0;0.0;0.0;-0.0;1742907508.717105;0.11030840873718262;0.0;0.0;0.0;-0.0;496.2617263598368;969.9549376238895;-20.0;-27.799999999999926;34.24675167077888;-2.194440232870391;0.0;-144.23810711546557;-33.3341514096247;-20.0;-27.949999999999925
2025-03-25_13:58:28:937145;1742907508.9361496;0.0;0.0;0.0;0.0;0.0;0.0;1742907474.7962875;0;0;0;0;0;0;0;0;0;0.0;0.0;0.0;0.0;0.0;-0.0;1742907508.8274133;0.10873627662658691;0.0;0.0;0.0;-0.0;500.461543908781;971.6914806038877;-20.0;-27.949999999999925;34.368626681902725;-2.191891407029078;0.0;-145.15642463678395;-33.29506908810198;-20.0;-28.099999999999923
2025-03-25_13:58:29:047100;1742907509.0460982;0.0;0.0;0.0;0.0;0.0;0.0;1742907474.7962875;0;0;0;0;0;0;0;0;0;0.0;0.0;0.0;0.0;0.0;-0.0;1742907508.9361496;0.10994863510131836;0.0;0.0;0.0;-0.0;504.6164882997989;973.4344945563538;-20.0;-28.099999999999923;34.49072339050017;-2.1893606104633205;0.0;-146.07578913799028;-33.25736142404347;-20.0;-28.249999999999922
2025-03-25_13:58:29:155450;1742907509.1554506;0.0;0.0;0.0;0.0;0.0;0.0;1742907474.7962875;0;0;0;0;0;0;0;0;0;0.0;0.0;0.0;0.0;0.0;-0.0;1742907509.0460982;0.10935235023498535;0.0;0.0;0.0;-0.0;508.746240242545;975.1742158233716;-20.0;-28.249999999999922;34.61303945047293;-2.186847684628126;0.0;-146.9961922300373;-33.21921033305676;-20.0;-28.39999999999992
2025-03-25_13:58:29:276986;1742907509.2759893;0.0;0.0;0.0;0.0;0.0;0.0;1742907474.7962875;0;0;0;0;0;0;0;0;0;0.0;0.0;0.0;0.0;0.0;-0.0;1742907509.1554506;0.12053871154785156;0.0;0.0;0.0;-0.0;512.798575963303;976.9383606383054;-20.0;-28.39999999999992;34.7355725445831;-2.1843524723068146;0.0;-147.91762558401504;-33.18581396172204;-20.0;-28.54999999999992
2025-03-25_13:58:29:387507;1742907509.3875072;0.0;0.0;0.0;0.0;0.0;0.0;1742907474.7962875;0;0;0;0;0;0;0;0;0;0.0;0.0;0.0;0.0;0.0;-0.0;1742907509.2759893;0.11151790618896484;0.0;0.0;0.0;-0.0;516.901804777615;978.6599650079673;-20.0;-28.54999999999992;34.85832038409188;-2.181874817608986;0.0;-148.84008093127815;-33.14461861079806;-20.0;-28.699999999999918
2025-03-25_13:58:29:499820;1742907509.4988296;0.0;0.0;0.0;0.0;0.0;0.0;1742907474.7962875;0;0;0;0;0;0;0;0;0;0.0;0.0;0.0;0.0;0.0;-0.0;1742907509.3875072;0.11132240295410156;0.0;0.0;0.0;-0.0;520.9330679845542;980.4038698304482;-20.0;-28.699999999999918;34.98128070840168;-2.1794145659680693;0.0;-149.76355006354686;-33.10778910501098;-20.0;-28.849999999999916
2025-03-25_13:58:29:609103;1742907509.6081033;0.0;0.0;0.0;0.0;0.0;0.0;1742907474.7962875;0;0;0;0;0;0;0;0;0;0.0;0.0;0.0;0.0;0.0;-0.0;1742907509.4988296;0.10927367210388184;0.0;0.0;0.0;-0.0;524.9453094472324;982.1425121887964;-20.0;-28.849999999999916;35.1044512847017;-2.1769715641384693;0.0;-150.6880248329848;-33.07015397536292;-20.0;-28.999999999999915
2025-03-25_13:58:29:717602;1742907509.7166038;0.0;0.0;0.0;0.0;0.0;0.0;1742907474.7962875;0;0;0;0;0;0;0;0;0;0.0;0.0;0.0;0.0;0.0;-0.0;1742907509.6081033;0.10850048065185547;0.0;0.0;0.0;-0.0;528.9237693398999;983.8840537087142;-20.0;-28.999999999999915;35.227829907617;-2.1745456601923343;0.0;-151.61349715225282;-33.03325275096258;-20.0;-29.149999999999913
2025-03-25_13:58:29:825736;1742907509.824425;0.0;0.0;0.0;0.0;0.0;0.0;1742907474.7962875;0;0;0;0;0;0;0;0;0;0.0;0.0;0.0;0.0;0.0;-0.0;1742907509.7166038;0.10782122611999512;0.0;0.0;0.0;-0.0;532.8734992889163;985.6261234668641;-20.0;-29.149999999999913;35.351414398860975;-2.172136703515958;0.0;-152.53995899454026;-32.99664288443473;-20.0;-29.299999999999912
2025-03-25_13:58:29:934301;1742907509.9333181;0.0;0.0;0.0;0.0;0.0;0.0;1742907474.7962875;0;0;0;0;0;0;0;0;0;0.0;0.0;0.0;0.0;0.0;-0.0;1742907509.824425;0.10889315605163574;0.0;0.0;0.0;-0.0;536.788991754931;987.3720244650124;-20.0;-29.299999999999912;35.47520260689141;-2.1697445448058326;0.0;-153.46740239357504;-32.96095415140828;-20.0;-29.44999999999991
2025-03-25_13:58:30:043235;1742907510.0432358;0.0;0.0;0.0;0.0;0.0;0.0;1742907474.7962875;0;0;0;0;0;0;0;0;0;0.0;0.0;0.0;0.0;0.0;-0.0;1742907509.9333181;0.10991764068603516;0.0;0.0;0.0;-0.0;540.6777169009418;989.1180267688443;-20.0;-29.44999999999991;35.599192406570054;-2.167369036064375;0.0;-154.39581944361277;-32.92548524834338;-20.0;-29.59999999999991
2025-03-25_13:58:30:154330;1742907510.1533356;0.0;0.0;0.0;0.0;0.0;0.0;1742907474.7962875;0;0;0;0;0;0;0;0;0;0.0;0.0;0.0;0.0;0.0;-0.0;1742907510.0432358;0.11009979248046875;0.0;0.0;0.0;-0.0;544.5429552171599;990.8626095791103;-20.0;-29.59999999999991;35.7233816988257;-2.1650100305953317;0.0;-155.32520229940627;-32.88995008177108;-20.0;-29.749999999999908
2025-03-25_13:58:30:262496;1742907510.261744;0.0;0.0;0.0;0.0;0.0;0.0;1742907474.7962875;0;0;0;0;0;0;0;0;0;0.0;0.0;0.0;0.0;0.0;-0.0;1742907510.1533356;0.10840845108032227;0.0;0.0;0.0;-0.0;548.3887013659198;992.603815542235;-20.0;-29.749999999999908;35.84776841032081;-2.1626673829988925;0.0;-156.25554317615524;-32.85397730823471;-20.0;-29.899999999999906
2025-03-25_13:58:30:369224;1742907510.3692248;0.0;0.0;0.0;0.0;0.0;0.0;1742907474.7962875;0;0;0;0;0;0;0;0;0;0.0;0.0;0.0;0.0;0.0;-0.0;1742907510.261744;0.10748076438903809;0.0;0.0;0.0;-0.0;552.2062878451446;994.3466701069949;-20.0;-29.899999999999906;35.972350493121716;-2.1603409491665095;0.0;-157.18683434943895;-32.81852591726557;-20.0;-30.049999999999905
2025-03-25_13:58:30:477938;1742907510.476922;0.0;0.0;0.0;0.0;0.0;0.0;1742907474.7962875;0;0;0;0;0;0;0;0;0;0.0;0.0;0.0;0.0;0.0;-0.0;1742907510.3692248;0.1076972484588623;0.0;0.0;0.0;-0.0;555.9913860827692;996.0938728279764;-20.0;-30.049999999999905;36.09712592437235;-2.158030586275454;0.0;-158.11906815513;-32.784116824154694;-20.0;-30.199999999999903
2025-03-25_13:58:30:587213;1742907510.587213;0.0;0.0;0.0;0.0;0.0;0.0;1742907474.7962875;0;0;0;0;0;0;0;0;0;0.0;0.0;0.0;0.0;0.0;-0.0;1742907510.476922;0.1102910041809082;0.0;0.0;0.0;-0.0;559.7544677345468;997.8398650437069;-20.0;-30.199999999999903;36.222092705971505;-2.155736152783111;0.0;-159.05223698929245;-32.749692562982474;-20.0;-30.349999999999902
2025-03-25_13:58:30:697710;1742907510.6967132;0.0;0.0;0.0;0.0;0.0;0.0;1742907474.7962875;0;0;0;0;0;0;0;0;0;0.0;0.0;0.0;0.0;0.0;-0.0;1742907510.587213;0.10950016975402832;0.0;0.0;0.0;-0.0;563.4947456558242;999.5853144314758;-20.0;-30.349999999999902;36.34724886425373;-2.1534575084210354;0.0;-159.9863333080628;-32.715383023239056;-20.0;-30.4999999999999
2025-03-25_13:58:30:809739;1742907510.8082275;0.0;0.0;0.0;0.0;0.0;0.0;1742907474.7962875;0;0;0;0;0;0;0;0;0;0.0;0.0;0.0;0.0;0.0;-0.0;1742907510.6967132;0.11151432991027832;0.0;0.0;0.0;-0.0;567.2058957734048;1001.3340309103232;-20.0;-30.4999999999999;36.47259244967369;-2.1511945141887723;0.0;-160.92134962751686;-32.68192301478682;-20.0;-30.6499999999999
2025-03-25_13:58:30:916275;1742907510.9162755;0.0;0.0;0.0;0.0;0.0;0.0;1742907474.7962875;0;0;0;0;0;0;0;0;0;0.0;0.0;0.0;0.0;0.0;-0.0;1742907510.8082275;0.1080479621887207;0.0;0.0;0.0;-0.0;570.9114302295989;1003.0729083684037;-20.0;-30.6499999999999;36.598121536494105;-2.1489470323474644;0.0;-161.85727852352028;-32.64679491205926;-20.0;-30.799999999999898
2025-03-25_13:58:31:027129;1742907511.0261524;0.0;0.0;0.0;0.0;0.0;0.0;1742907474.7962875;0;0;0;0;0;0;0;0;0;0.0;0.0;0.0;0.0;0.0;-0.0;1742907510.9162755;0.10987687110900879;0.0;0.0;0.0;-0.0;574.5744151292455;1004.8231501652587;-20.0;-30.799999999999898;36.72383422247729;-2.1467149264132512;0.0;-162.7941126315669;-32.61408196350085;-20.0;-30.949999999999896
2025-03-25_13:58:31:135739;1742907511.1347308;0.0;0.0;0.0;0.0;0.0;0.0;1742907474.7962875;0;0;0;0;0;0;0;0;0;0.0;0.0;0.0;0.0;0.0;-0.0;1742907511.0261524;0.10857844352722168;0.0;0.0;0.0;-0.0;578.2342756707114;1006.5624843281408;-20.0;-30.949999999999896;36.84972862858007;-2.144498061150473;0.0;-163.73184464660187;-32.57949464843142;-20.0;-31.099999999999895
2025-03-25_13:58:31:245553;1742907511.245554;0.0;0.0;0.0;0.0;0.0;0.0;1742907474.7962875;0;0;0;0;0;0;0;0;0;0.0;0.0;0.0;0.0;0.0;-0.0;1742907511.1347308;0.11082315444946289;0.0;0.0;0.0;-0.0;581.8521883604183;1008.3133760397653;-20.0;-31.099999999999895;36.97580289865243;-2.1422963025646964;0.0;-164.67046732283322;-32.54737355498394;-20.0;-31.249999999999893
2025-03-25_13:58:31:353141;1742907511.3531415;0.0;0.0;0.0;0.0;0.0;0.0;1742907474.7962875;0;0;0;0;0;0;0;0;0;0.0;0.0;0.0;0.0;0.0;-0.0;1742907511.245554;0.10758757591247559;0.0;0.0;0.0;-0.0;585.468574838736;1010.0527576854422;-20.0;-31.249999999999893;37.102055199139485;-2.14010951789556;0.0;-165.6099734735308;-32.51326010561673;-20.0;-31.399999999999892
2025-03-25_13:58:31:462829;1742907511.461807;0.0;0.0;0.0;0.0;0.0;0.0;1742907474.7962875;0;0;0;0;0;0;0;0;0;0.0;0.0;0.0;0.0;0.0;-0.0;1742907511.3531415;0.10866546630859375;0.0;0.0;0.0;-0.0;589.050723933981;1011.799720537953;-20.0;-31.399999999999892;37.22848371878706;-2.1379375756094676;0.0;-166.55035597081297;-32.48085392430806;-20.0;-31.54999999999989
2025-03-25_13:58:31:570036;1742907511.570037;0.0;0.0;0.0;0.0;0.0;0.0;1742907474.7962875;0;0;0;0;0;0;0;0;0;0.0;0.0;0.0;0.0;0.0;-0.0;1742907511.461807;0.1082298755645752;0.0;0.0;0.0;-0.0;592.6168937005706;1013.543884481219;-20.0;-31.54999999999989;37.355086668350715;-2.1357803453921216;0.0;-167.4916077454233;-32.44814566509756;-20.0;-31.69999999999989
2025-03-25_13:58:31:679600;1742907511.6796002;0.0;0.0;0.0;0.0;0.0;0.0;1742907474.7962875;0;0;0;0;0;0;0;0;0;0.0;0.0;0.0;0.0;0.0;-0.0;1742907511.570037;0.10956335067749023;0.0;0.0;0.0;-0.0;593.2167933737418;1013.5670286007909;-20.0;-31.69999999999989;37.481862280308235;-2.13363769814092;0.0;-167.58374521886748;-32.41625478113252;-20.0;-31.849999999999888
2025-03-25_13:58:31:790214;1742907511.7892182;0.0;0.0;0.0;0.0;0.0;0.0;1742907474.7962875;0;0;0;0;0;0;0;0;0;0.0;0.0;0.0;0.0;0.0;-0.0;1742907511.6796002;0.10961794853210449;0.0;0.0;0.0;-0.0;593.6099400181081;1013.4671983921963;-20.0;-31.849999999999888;37.60880880857559;-2.1315095059572164;0.0;-167.61585163079914;-32.38414836920086;-20.0;-31.999999999999886
2025-03-25_13:58:31:898382;1742907511.8973813;0.0;0.0;0.0;0.0;0.0;0.0;1742907474.7962875;0;0;0;0;0;0;0;0;0;0.0;0.0;0.0;0.0;0.0;-0.0;1742907511.7892182;0.10816311836242676;0.0;0.0;0.0;-0.0;594.006310031708;1013.3664727651874;-20.0;-31.999999999999886;37.73592452822632;-2.1293956421384608;0.0;-167.64824281329552;-32.35175718670448;-20.0;-32.149999999999885
2025-03-25_13:58:32:008635;1742907512.0086348;0.0;0.0;0.0;0.0;0.0;0.0;1742907474.7962875;0;0;0;0;0;0;0;0;0;0.0;0.0;0.0;0.0;0.0;-0.0;1742907511.8973813;0.11125349998474121;0.0;0.0;0.0;-0.0;594.3816023869178;1013.2710321928176;-20.0;-32.149999999999885;37.86320773521431;-2.12729598117022;0.0;-167.67893146608432;-32.32106853391568;-20.0;-32.29999999999988
2025-03-25_13:58:32:116651;1742907512.1166513;0.0;0.0;0.0;0.0;0.0;0.0;1742907474.7962875;0;0;0;0;0;0;0;0;0;0.0;0.0;0.0;0.0;0.0;-0.0;1742907512.0086348;0.1080164909362793;0.0;0.0;0.0;-0.0;594.7791693602481;1013.1698513944332;-20.0;-32.29999999999988;37.99065674609999;-2.1252103987180964;0.0;-167.7114627162748;-32.2885372837252;-20.0;-32.44999999999988
2025-03-25_13:58:32:226189;1742907512.2261894;0.0;0.0;0.0;0.0;0.0;0.0;1742907474.7962875;0;0;0;0;0;0;0;0;0;0.0;0.0;0.0;0.0;0.0;-0.0;1742907512.1166513;0.10953807830810547;0.0;0.0;0.0;-0.0;595.1550117172404;1013.0741279995952;-20.0;-32.44999999999988;38.11826989777989;-2.1231387716195456;0.0;-167.7422363331715;-32.257763666828495;-20.0;-32.59999999999988
2025-03-25_13:58:32:337809;1742907512.3368607;0.0;0.0;0.0;0.0;0.0;0.0;1742907474.7962875;0;0;0;0;0;0;0;0;0;0.0;0.0;0.0;0.0;0.0;-0.0;1742907512.2261894;0.1106712818145752;0.0;0.0;0.0;-0.0;595.5297962566631;1012.9786047909856;-20.0;-32.59999999999988;38.24604554721955;-2.1210809778756015;0.0;-167.7729426947509;-32.2270573052491;-20.0;-32.74999999999988
2025-03-25_13:58:32:445317;1742907512.4453173;0.0;0.0;0.0;0.0;0.0;0.0;1742907474.7962875;0;0;0;0;0;0;0;0;0;0.0;0.0;0.0;0.0;0.0;-0.0;1742907512.3368607;0.10845661163330078;0.0;0.0;0.0;-0.0;595.9147727081818;1012.8804119206393;-20.0;-32.74999999999988;38.373982071189744;-2.119036896642521;0.0;-167.8045042130401;-32.19549578695988;-20.0;-32.89999999999988
2025-03-25_13:58:32:555365;1742907512.5553653;0.0;0.0;0.0;0.0;0.0;0.0;1742907474.7962875;0;0;0;0;0;0;0;0;0;0.0;0.0;0.0;0.0;0.0;-0.0;1742907512.4453173;0.11004805564880371;0.0;0.0;0.0;-0.0;596.2822637318236;1012.786610831203;-20.0;-32.89999999999988;38.50207786600603;-2.1170064082233493;0.0;-167.83465125138906;-32.165348748610946;-20.0;-33.049999999999876
2025-03-25_13:58:32:663888;1742907512.6628904;0.0;0.0;0.0;0.0;0.0;0.0;1742907474.7962875;0;0;0;0;0;0;0;0;0;0.0;0.0;0.0;0.0;0.0;-0.0;1742907512.5553653;0.10752511024475098;0.0;0.0;0.0;-0.0;596.6629724724168;1012.6893657987682;-20.0;-33.049999999999876;38.630331347271564;-2.114989394059418;0.0;-167.86590220218164;-32.134097797818356;-20.0;-33.199999999999875
2025-03-25_13:58:32:772417;1742907512.7724178;0.0;0.0;0.0;0.0;0.0;0.0;1742907474.7962875;0;0;0;0;0;0;0;0;0;0.0;0.0;0.0;0.0;0.0;-0.0;1742907512.6628904;0.1095273494720459;0.0;0.0;0.0;-0.0;597.0234784789398;1012.5972153506987;-20.0;-33.199999999999875;38.75874094962311;-2.112985736721777;0.0;-167.89551317321627;-32.10448682678371;-20.0;-33.34999999999987
2025-03-25_13:58:32:880935;1742907512.8799586;0.0;0.0;0.0;0.0;0.0;0.0;1742907474.7962875;0;0;0;0;0;0;0;0;0;0.0;0.0;0.0;0.0;0.0;-0.0;1742907512.7724178;0.10754084587097168;0.0;0.0;0.0;-0.0;597.3966943925556;1012.5017485873617;-20.0;-33.34999999999987;38.887305126480435;-2.1109953199025733;0.0;-167.9261869436641;-32.07381305633588;-20.0;-33.49999999999987
2025-03-25_13:58:32:990127;1742907512.990127;0.0;0.0;0.0;0.0;0.0;0.0;1742907474.7962875;0;0;0;0;0;0;0;0;0;0.0;0.0;0.0;0.0;0.0;-0.0;1742907512.8799586;0.11016845703125;0.0;0.0;0.0;-0.0;597.7497188534439;1012.4113834982761;-20.0;-33.49999999999987;39.016022349798696;-2.1090180284063766;0.0;-167.95521886583654;-32.04478113416345;-20.0;-33.64999999999987
2025-03-25_13:58:33:098465;1742907513.0974941;0.0;0.0;0.0;0.0;0.0;0.0;1742907474.7962875;0;0;0;0;0;0;0;0;0;0.0;0.0;0.0;0.0;0.0;-0.0;1742907512.990127;0.10736703872680664;0.0;0.0;0.0;-0.0;598.1206417999894;1012.3163706507108;-20.0;-33.64999999999987;39.14489110982417;-2.107053748141459;0.0;-167.98574119581673;-32.014258804183264;-20.0;-33.79999999999987
2025-03-25_13:58:33:206038;1742907513.2060385;0.0;0.0;0.0;0.0;0.0;0.0;1742907474.7962875;0;0;0;0;0;0;0;0;0;0.0;0.0;0.0;0.0;0.0;-0.0;1742907513.0974941;0.10854434967041016;0.0;0.0;0.0;-0.0;598.4739493678776;1012.2258069181149;-20.0;-33.79999999999987;39.27390991485303;-2.105102366111039;0.0;-168.01483160671287;-31.985168393287125;-20.0;-33.94999999999987
2025-03-25_13:58:33:314108;1742907513.3130867;0.0;0.0;0.0;0.0;0.0;0.0;1742907474.7962875;0;0;0;0;0;0;0;0;0;0.0;0.0;0.0;0.0;0.0;-0.0;1742907513.2060385;0.10704827308654785;0.0;0.0;0.0;-0.0;598.8348240618246;1012.1332399120012;-20.0;-33.94999999999987;39.40307729099329;-2.103163770404487;0.0;-168.0445628091129;-31.955437190887107;-20.0;-34.099999999999866
2025-03-25_13:58:33:422949;1742907513.421978;0.0;0.0;0.0;0.0;0.0;0.0;1742907474.7962875;0;0;0;0;0;0;0;0;0;0.0;0.0;0.0;0.0;0.0;-0.0;1742907513.3130867;0.10889124870300293;0.0;0.0;0.0;-0.0;599.1771046329427;1012.0453830427323;-20.0;-34.099999999999866;39.5323917819298;-2.1012378501885074;0.0;-168.0727786677201;-31.927221332279903;-20.0;-34.249999999999865
2025-03-25_13:58:33:533092;1742907513.5323684;0.0;0.0;0.0;0.0;0.0;0.0;1742907474.7962875;0;0;0;0;0;0;0;0;0;0.0;0.0;0.0;0.0;0.0;-0.0;1742907513.421978;0.11039042472839355;0.0;0.0;0.0;-0.0;599.5289425934209;1011.9550126926372;-20.0;-34.249999999999865;39.661851948692345;-2.09932449569829;0.0;-168.1017991931186;-31.898200806881377;-20.0;-34.399999999999864
2025-03-25_13:58:33:642363;1742907513.6413667;0.0;0.0;0.0;0.0;0.0;0.0;1742907474.7962875;0;0;0;0;0;0;0;0;0;0.0;0.0;0.0;0.0;0.0;-0.0;1742907513.5323684;0.10899829864501953;0.0;0.0;0.0;-0.0;599.8782144591844;1011.8652409885287;-20.0;-34.399999999999864;39.791456369426726;-2.097423598228649;0.0;-168.13062491022492;-31.86937508977507;-20.0;-34.54999999999986
2025-03-25_13:58:33:751905;1742907513.7506256;0.0;0.0;0.0;0.0;0.0;0.0;1742907474.7962875;0;0;0;0;0;0;0;0;0;0.0;0.0;0.0;0.0;0.0;-0.0;1742907513.6413667;0.10925889015197754;0.0;0.0;0.0;-0.0;600.2225798398498;1011.7766713831741;-20.0;-34.54999999999986;39.92120363916888;-2.0955350501251404;0.0;-168.1590621269743;-31.840937873025705;-20.0;-34.69999999999986
2025-03-25_13:58:33:859443;1742907513.8594434;0.0;0.0;0.0;0.0;0.0;0.0;1742907474.7962875;0;0;0;0;0;0;0;0;0;0.0;0.0;0.0;0.0;0.0;-0.0;1742907513.7506256;0.10881781578063965;0.0;0.0;0.0;-0.0;600.5670192722258;1011.6880241228735;-20.0;-34.69999999999986;40.05109236962196;-2.0936587447751767;0.0;-168.1875217840268;-31.812478215973194;-20.0;-34.84999999999986
2025-03-25_13:58:33:968819;1742907513.9688194;0.0;0.0;0.0;0.0;0.0;0.0;1742907474.7962875;0;0;0;0;0;0;0;0;0;0.0;0.0;0.0;0.0;0.0;-0.0;1742907513.8594434;0.1093759536743164;0.0;0.0;0.0;-0.0;600.905508731787;1011.6008510675379;-20.0;-34.84999999999986;40.18112118893636;-2.0917945765991264;0.0;-168.2155057248969;-31.784494275103114;-20.0;-34.99999999999986
2025-03-25_13:58:34:077594;1742907514.077595;0.0;0.0;0.0;0.0;0.0;0.0;1742907474.7962875;0;0;0;0;0;0;0;0;0;0.0;0.0;0.0;0.0;0.0;-0.0;1742907513.9688194;0.10877561569213867;0.0;0.0;0.0;-0.0;601.2456960156819;1011.5131836979593;-20.0;-34.99999999999986;40.311288741492625;-2.0899424410414214;0.0;-168.24364591660566;-31.756354083394353;-20.0;-35.14999999999986
2025-03-25_13:58:34:186511;1742907514.1865113;0.0;0.0;0.0;0.0;0.0;0.0;1742907474.7962875;0;0;0;0;0;0;0;0;0;0.0;0.0;0.0;0.0;0.0;-0.0;1742907514.077595;0.1089162826538086;0.0;0.0;0.0;-0.0;601.5809165251117;1011.4267403076603;-20.0;-35.14999999999986;40.44159368768731;-2.0881022345616547;0.0;-168.27139083744612;-31.72860916255389;-20.0;-35.299999999999855
2025-03-25_13:58:34:295720;1742907514.294673;0.0;0.0;0.0;0.0;0.0;0.0;1742907474.7962875;0;0;0;0;0;0;0;0;0;0.0;0.0;0.0;0.0;0.0;-0.0;1742907514.1865113;0.10816168785095215;0.0;0.0;0.0;-0.0;601.9169234380003;1011.3400383542345;-20.0;-35.299999999999855;40.5720347037216;-2.086273854625693;0.0;-168.2992163650411;-31.70078363495891;-20.0;-35.449999999999854
2025-03-25_13:58:34:403337;1742907514.4033377;0.0;0.0;0.0;0.0;0.0;0.0;1742907474.7962875;0;0;0;0;0;0;0;0;0;0.0;0.0;0.0;0.0;0.0;-0.0;1742907514.294673;0.10866475105285645;0.0;0.0;0.0;-0.0;602.2462219824093;1011.2550132116786;-20.0;-35.449999999999854;40.70261048139283;-2.0844571996967916;0.0;-168.32650143188735;-31.673498568112652;-20.0;-35.59999999999985
2025-03-25_13:58:34:513744;1742907514.5127473;0.0;0.0;0.0;0.0;0.0;0.0;1742907474.7962875;0;0;0;0;0;0;0;0;0;0.0;0.0;0.0;0.0;0.0;-0.0;1742907514.4033377;0.10940957069396973;0.0;0.0;0.0;-0.0;602.5724481161651;1011.1707284582565;-20.0;-35.59999999999985;40.833319727888764;-2.0826521692267224;0.0;-168.35354663939552;-31.64645336060447;-20.0;-35.74999999999985
2025-03-25_13:58:34:621863;1742907514.6208723;0.0;0.0;0.0;0.0;0.0;0.0;1742907474.7962875;0;0;0;0;0;0;0;0;0;0.0;0.0;0.0;0.0;0.0;-0.0;1742907514.5127473;0.10812497138977051;0.0;0.0;0.0;-0.0;602.9033226746502;1011.085188917807;-20.0;-35.74999999999985;40.9641611655846;-2.0808586636469193;0.0;-168.38099217690035;-31.61900782309966;-20.0;-35.89999999999985
2025-03-25_13:58:34:731247;1742907514.7302313;0.0;0.0;0.0;0.0;0.0;0.0;1742907474.7962875;0;0;0;0;0;0;0;0;0;0.0;0.0;0.0;0.0;0.0;-0.0;1742907514.6208723;0.1093590259552002;0.0;0.0;0.0;-0.0;603.2233840088721;1011.0023933001856;-20.0;-35.89999999999985;41.095133531842784;-2.0790765843596373;0.0;-168.40755510980506;-31.59244489019493;-20.0;-36.04999999999985
2025-03-25_13:58:34:841718;1742907514.8407102;0.0;0.0;0.0;0.0;0.0;0.0;1742907474.7962875;0;0;0;0;0;0;0;0;0;0.0;0.0;0.0;0.0;0.0;-0.0;1742907514.7302313;0.11047887802124023;0.0;0.0;0.0;-0.0;603.5417372529025;1010.9199892199596;-20.0;-36.04999999999985;41.226235578815455;-2.0773058337291364;0.0;-168.43399026772315;-31.566009732276854;-20.0;-36.19999999999985
2025-03-25_13:58:34:951061;1742907514.9500608;0.0;0.0;0.0;0.0;0.0;0.0;1742907474.7962875;0;0;0;0;0;0;0;0;0;0.0;0.0;0.0;0.0;0.0;-0.0;1742907514.8407102;0.10935068130493164;0.0;0.0;0.0;-0.0;603.8619970817447;1010.8370409777696;-20.0;-36.19999999999985;41.35746607324957;-2.0755463150728857;0.0;-168.4605978161934;-31.539402183806615;-20.0;-36.349999999999845
2025-03-25_13:58:35:059523;1742907515.0585248;0.0;0.0;0.0;0.0;0.0;0.0;1742907474.7962875;0;0;0;0;0;0;0;0;0;0.0;0.0;0.0;0.0;0.0;-0.0;1742907514.9500608;0.10846400260925293;0.0;0.0;0.0;-0.0;604.1891750369642;1010.7522484457728;-20.0;-36.349999999999845;41.488823796294696;-2.0737979326527967;0.0;-168.48779470620553;-31.512205293794466;-20.0;-36.499999999999844
2025-03-25_13:58:35:166966;1742907515.165965;0.0;0.0;0.0;0.0;0.0;0.0;1742907474.7962875;0;0;0;0;0;0;0;0;0;0.0;0.0;0.0;0.0;0.0;-0.0;1742907515.0585248;0.10744023323059082;0.0;0.0;0.0;-0.0;604.5046792618119;1010.670431073696;-20.0;-36.499999999999844;41.62030754331338;-2.0720605916664807;0.0;-168.5140351619193;-31.48596483808069;-20.0;-36.64999999999984
2025-03-25_13:58:35:276136;1742907515.2751522;0.0;0.0;0.0;0.0;0.0;0.0;1742907474.7962875;0;0;0;0;0;0;0;0;0;0.0;0.0;0.0;0.0;0.0;-0.0;1742907515.165965;0.10918712615966797;0.0;0.0;0.0;-0.0;604.8122132030923;1010.5906330877177;-20.0;-36.64999999999984;41.751916123694116;-2.070334198238542;0.0;-168.53962591423894;-31.46037408576106;-20.0;-36.79999999999984
2025-03-25_13:58:35:385365;1742907515.3843684;0.0;0.0;0.0;0.0;0.0;0.0;1742907474.7962875;0;0;0;0;0;0;0;0;0;0.0;0.0;0.0;0.0;0.0;-0.0;1742907515.2751522;0.10921621322631836;0.0;0.0;0.0;-0.0;605.1233122145037;1010.5098623372696;-20.0;-36.79999999999984;41.88364836066682;-2.0686186594118996;0.0;-168.5655265687864;-31.43447343121361;-20.0;-36.94999999999984
2025-03-25_13:58:35:494197;1742907515.4932973;0.0;0.0;0.0;0.0;0.0;0.0;1742907474.7962875;0;0;0;0;0;0;0;0;0;0.0;0.0;0.0;0.0;0.0;-0.0;1742907515.3843684;0.10892891883850098;0.0;0.0;0.0;-0.0;605.4333185121006;1010.4293275439452;-20.0;-36.94999999999984;42.01550309112088;-2.066913883139148;0.0;-168.59134949814907;-31.40865050185093;-20.0;-37.09999999999984
2025-03-25_13:58:35:602744;1742907515.602744;0.0;0.0;0.0;0.0;0.0;0.0;1742907474.7962875;0;0;0;0;0;0;0;0;0;0.0;0.0;0.0;0.0;0.0;-0.0;1742907515.4932973;0.10944676399230957;0.0;0.0;0.0;-0.0;605.738671502885;1010.3499550031066;-20.0;-37.09999999999984;42.147479165425636;-2.065219778273952;0.0;-168.6167977454617;-31.383202254538308;-20.0;-37.24999999999984
2025-03-25_13:58:35:712232;1742907515.7114885;0.0;0.0;0.0;0.0;0.0;0.0;1742907474.7962875;0;0;0;0;0;0;0;0;0;0.0;0.0;0.0;0.0;0.0;-0.0;1742907515.602744;0.10874438285827637;0.0;0.0;0.0;-0.0;606.0458264749872;1010.270067387834;-20.0;-37.24999999999984;42.27957544725334;-2.063536254562482;0.0;-168.6424091161691;-31.357590883830902;-20.0;-37.399999999999835
2025-03-25_13:58:35:819609;1742907515.8196092;0.0;0.0;0.0;0.0;0.0;0.0;1742907474.7962875;0;0;0;0;0;0;0;0;0;0.0;0.0;0.0;0.0;0.0;-0.0;1742907515.7114885;0.10812067985534668;0.0;0.0;0.0;-0.0;606.3506815192383;1010.1907316617817;-20.0;-37.399999999999835;42.411790813404565;-2.0618632226348885;0.0;-168.66784155111415;-31.33215844888586;-20.0;-37.549999999999834
2025-03-25_13:58:35:929897;1742907515.9288955;0.0;0.0;0.0;0.0;0.0;0.0;1742907474.7962875;0;0;0;0;0;0;0;0;0;0.0;0.0;0.0;0.0;0.0;-0.0;1742907515.8196092;0.10928630828857422;0.0;0.0;0.0;-0.0;606.6478625976733;1010.1133486087649;-20.0;-37.549999999999834;42.54412415363592;-2.0602005939968233;0.0;-168.69264609891297;-31.307353901087026;-20.0;-37.69999999999983
2025-03-25_13:58:36:042147;1742907516.041136;0.0;0.0;0.0;0.0;0.0;0.0;1742907474.7962875;0;0;0;0;0;0;0;0;0;0.0;0.0;0.0;0.0;0.0;-0.0;1742907515.9288955;0.11224055290222168;0.0;0.0;0.0;-0.0;606.9378511831779;1010.0377961396449;-20.0;-37.69999999999983;42.67657437049028;-2.058548281020999;0.0;-168.71686203373014;-31.283137966269855;-20.0;-37.84999999999983
2025-03-25_13:58:36:149739;1742907516.1487403;0.0;0.0;0.0;0.0;0.0;0.0;1742907474.7962875;0;0;0;0;0;0;0;0;0;0.0;0.0;0.0;0.0;0.0;-0.0;1742907516.041136;0.1076042652130127;0.0;0.0;0.0;-0.0;607.248799348965;1009.9567365452884;-20.0;-37.84999999999983;42.80914037912917;-2.0569061969387965;0.0;-168.74284108775447;-31.257158912245544;-20.0;-37.99999999999983
2025-03-25_13:58:36:257637;1742907516.2566395;0.0;0.0;0.0;0.0;0.0;0.0;1742907474.7962875;0;0;0;0;0;0;0;0;0;0.0;0.0;0.0;0.0;0.0;-0.0;1742907516.1487403;0.10789918899536133;0.0;0.0;0.0;-0.0;607.5427285866823;1009.8800693760719;-20.0;-37.99999999999983;42.94182110716763;-2.0552742558319217;0.0;-168.76741048051008;-31.232589519489927;-20.0;-38.14999999999983
2025-03-25_13:58:36:366033;1742907516.3660333;0.0;0.0;0.0;0.0;0.0;0.0;1742907474.7962875;0;0;0;0;0;0;0;0;0;0.0;0.0;0.0;0.0;0.0;-0.0;1742907516.2566395;0.10939383506774902;0.0;0.0;0.0;-0.0;607.8310652587517;1009.8048192381386;-20.0;-38.14999999999983;43.07461549451123;-2.053652372624107;0.0;-168.79152394597048;-31.208476054029525;-20.0;-38.29999999999983
2025-03-25_13:58:36:476498;1742907516.4755018;0.0;0.0;0.0;0.0;0.0;0.0;1742907474.7962875;0;0;0;0;0;0;0;0;0;0.0;0.0;0.0;0.0;0.0;-0.0;1742907516.3660333;0.10946846008300781;0.0;0.0;0.0;-0.0;608.121839210057;1009.7288911765463;-20.0;-38.29999999999983;43.207522493195405;-2.052040463072865;0.0;-168.81585282688164;-31.184147173118365;-20.0;-38.449999999999825
2025-03-25_13:58:36:584737;1742907516.583496;0.0;0.0;0.0;0.0;0.0;0.0;1742907474.7962875;0;0;0;0;0;0;0;0;0;0.0;0.0;0.0;0.0;0.0;-0.0;1742907516.4755018;0.10799431800842285;0.0;0.0;0.0;-0.0;608.4116122560754;1009.6531826643298;-20.0;-38.449999999999825;43.34054106722696;-2.0504384437612884;0.0;-168.84010953829818;-31.159890461701824;-20.0;-38.599999999999824
2025-03-25_13:58:36:693690;1742907516.692691;0.0;0.0;0.0;0.0;0.0;0.0;1742907474.7962875;0;0;0;0;0;0;0;0;0;0.0;0.0;0.0;0.0;0.0;-0.0;1742907516.583496;0.10919499397277832;0.0;0.0;0.0;-0.0;608.7026287939418;1009.5771072496332;-20.0;-38.599999999999824;43.47367019242781;-2.0488462320899097;0.0;-168.86448197177904;-31.13551802822096;-20.0;-38.74999999999982
2025-03-25_13:58:36:801918;1742907516.8019187;0.0;0.0;0.0;0.0;0.0;0.0;1742907474.7962875;0;0;0;0;0;0;0;0;0;0.0;0.0;0.0;0.0;0.0;-0.0;1742907516.692691;0.10922765731811523;0.0;0.0;0.0;-0.0;608.9840993407579;1009.5034872108865;-20.0;-38.74999999999982;43.60690885628086;-2.047263746268605;0.0;-168.88806602300156;-31.111933976998444;-20.0;-38.89999999999982
2025-03-25_13:58:36:911648;1742907516.9103763;0.0;0.0;0.0;0.0;0.0;0.0;1742907474.7962875;0;0;0;0;0;0;0;0;0;0.0;0.0;0.0;0.0;0.0;-0.0;1742907516.8019187;0.10845756530761719;0.0;0.0;0.0;-0.0;609.2697905509581;1009.4287229377032;-20.0;-38.89999999999982;43.74025605777801;-2.0456909053085575;0.0;-168.91201486757893;-31.087985132421064;-20.0;-39.04999999999982
2025-03-25_13:58:37:019159;1742907517.0191598;0.0;0.0;0.0;0.0;0.0;0.0;1742907474.7962875;0;0;0;0;0;0;0;0;0;0.0;0.0;0.0;0.0;0.0;-0.0;1742907516.9103763;0.10878348350524902;0.0;0.0;0.0;-0.0;609.5503915836811;1009.3552512153934;-20.0;-39.04999999999982;43.87371080727029;-2.0441276290142723;0.0;-168.93554794816922;-31.064452051830777;-20.0;-39.19999999999982
2025-03-25_13:58:37:130025;1742907517.1292422;0.0;0.0;0.0;0.0;0.0;0.0;1742907474.7962875;0;0;0;0;0;0;0;0;0;0.0;0.0;0.0;0.0;0.0;-0.0;1742907517.0191598;0.11008238792419434;0.0;0.0;0.0;-0.0;609.8263883530706;1009.282946836587;-20.0;-39.19999999999982;44.00727212632005;-2.0425738379756484;0.0;-168.95870545491726;-31.041294545082728;-20.0;-39.34999999999982
2025-03-25_13:58:37:237405;1742907517.2374058;0.0;0.0;0.0;0.0;0.0;0.0;1742907474.7962875;0;0;0;0;0;0;0;0;0;0.0;0.0;0.0;0.0;0.0;-0.0;1742907517.1292422;0.10816359519958496;0.0;0.0;0.0;-0.0;610.1098416640054;1009.2086495616765;-20.0;-39.34999999999982;44.14093904755522;-2.0410294535601077;0.0;-168.98249951443307;-31.017500485566938;-20.0;-39.499999999999815
2025-03-25_13:58:37:347211;1742907517.3472116;0.0;0.0;0.0;0.0;0.0;0.0;1742907474.7962875;0;0;0;0;0;0;0;0;0;0.0;0.0;0.0;0.0;0.0;-0.0;1742907517.2374058;0.10980582237243652;0.0;0.0;0.0;-0.0;610.3812460118822;1009.1374730113367;-20.0;-39.499999999999815;44.274710614525596;-2.039494397904777;0.0;-169.00529250407837;-30.994707495921624;-20.0;-39.649999999999814
2025-03-25_13:58:37:457545;1742907517.4575455;0.0;0.0;0.0;0.0;0.0;0.0;1742907474.7962875;0;0;0;0;0;0;0;0;0;0.0;0.0;0.0;0.0;0.0;-0.0;1742907517.3472116;0.11033391952514648;0.0;0.0;0.0;-0.0;610.6541250790509;1009.0658727327925;-20.0;-39.649999999999814;44.408585881561066;-2.037968593908733;0.0;-169.02821956297464;-30.971780437025348;-20.0;-39.79999999999981
2025-03-25_13:58:37:565125;1742907517.5641258;0.0;0.0;0.0;0.0;0.0;0.0;1742907474.7962875;0;0;0;0;0;0;0;0;0;0.0;0.0;0.0;0.0;0.0;-0.0;1742907517.4575455;0.10658025741577148;0.0;0.0;0.0;-0.0;610.9374279475412;1008.9914981313601;-20.0;-39.79999999999981;44.54256391363192;-2.036451965225301;0.0;-169.05203326268554;-30.947966737314474;-20.0;-39.94999999999981
2025-03-25_13:58:37:673201;1742907517.6722293;0.0;0.0;0.0;0.0;0.0;0.0;1742907474.7962875;0;0;0;0;0;0;0;0;0;0.0;0.0;0.0;0.0;0.0;-0.0;1742907517.5641258;0.10810351371765137;0.0;0.0;0.0;-0.0;611.2010452976313;1008.9222555941944;-20.0;-39.94999999999981;44.67664378621099;-2.0349444362544133;0.0;-169.07420216992483;-30.92579783007516;-20.0;-40.09999999999981
2025-03-25_13:58:37:784390;1742907517.7833872;0.0;0.0;0.0;0.0;0.0;0.0;1742907474.7962875;0;0;0;0;0;0;0;0;0;0.0;0.0;0.0;0.0;0.0;-0.0;1742907517.6722293;0.11115789413452148;0.0;0.0;0.0;-0.0;611.4670664406973;1008.8523465673562;-20.0;-40.09999999999981;44.81082458513774;-2.0334459321350296;0.0;-169.09658291914093;-30.903417080859086;-20.0;-40.24999999999981
2025-03-25_13:58:37:893001;1742907517.8923829;0.0;0.0;0.0;0.0;0.0;0.0;1742907474.7962875;0;0;0;0;0;0;0;0;0;0.0;0.0;0.0;0.0;0.0;-0.0;1742907517.7833872;0.10899567604064941;0.0;0.0;0.0;-0.0;611.7377100193502;1008.7811865942267;-20.0;-40.24999999999981;44.9451054064843;-2.031956378737614;0.0;-169.1193625549077;-30.880637445092297;-20.0;-40.39999999999981
2025-03-25_13:58:38:000788;1742907517.9997916;0.0;0.0;0.0;0.0;0.0;0.0;1742907474.7962875;0;0;0;0;0;0;0;0;0;0.0;0.0;0.0;0.0;0.0;-0.0;1742907517.8923829;0.10740876197814941;0.0;0.0;0.0;-0.0;612.0077978588687;1008.7101363405286;-20.0;-40.39999999999981;45.07948535642332;-2.030475702656671;0.0;-169.1421054643195;-30.857894535680476;-20.0;-40.549999999999805
2025-03-25_13:58:38:109703;1742907518.1087074;0.0;0.0;0.0;0.0;0.0;0.0;1742907474.7962875;0;0;0;0;0;0;0;0;0;0.0;0.0;0.0;0.0;0.0;-0.0;1742907517.9997916;0.10891580581665039;0.0;0.0;0.0;-0.0;612.2648459840484;1008.6424825808159;-20.0;-40.549999999999805;45.21396355109762;-2.0290038312033474;0.0;-169.163759680393;-30.836240319606976;-20.0;-40.699999999999804
2025-03-25_13:58:38:218161;1742907518.2181618;0.0;0.0;0.0;0.0;0.0;0.0;1742907474.7962875;0;0;0;0;0;0;0;0;0;0.0;0.0;0.0;0.0;0.0;-0.0;1742907518.1087074;0.10945439338684082;0.0;0.0;0.0;-0.0;612.5310892164266;1008.572373976311;-20.0;-40.699999999999804;45.34853911649177;-2.0275406923980865;0.0;-169.18619809630292;-30.813801903697073;-20.0;-40.8499999999998
2025-03-25_13:58:38:327234;1742907518.326236;0.0;0.0;0.0;0.0;0.0;0.0;1742907474.7962875;0;0;0;0;0;0;0;0;0;0.0;0.0;0.0;0.0;0.0;-0.0;1742907518.2181618;0.10807418823242188;0.0;0.0;0.0;-0.0;612.7927617486071;1008.5034345015158;-20.0;-40.8499999999998;45.48321118830534;-2.0260862149633527;0.0;-169.20826080872695;-30.791739191273066;-20.0;-40.9999999999998
2025-03-25_13:58:38:436337;1742907518.4363375;0.0;0.0;0.0;0.0;0.0;0.0;1742907474.7962875;0;0;0;0;0;0;0;0;0;0.0;0.0;0.0;0.0;0.0;-0.0;1742907518.326236;0.11010146141052246;0.0;0.0;0.0;-0.0;613.0463003672728;1008.4366053794828;-20.0;-40.9999999999998;45.617978911828;-2.0246403283164085;0.0;-169.22964670500642;-30.770353294993587;-20.0;-41.1499999999998
2025-03-25_13:58:38:545375;1742907518.5447137;0.0;0.0;0.0;0.0;0.0;0.0;1742907474.7962875;0;0;0;0;0;0;0;0;0;0.0;0.0;0.0;0.0;0.0;-0.0;1742907518.4363375;0.10837626457214355;0.0;0.0;0.0;-0.0;613.3082531855996;1008.367524705142;-20.0;-41.1499999999998;45.75284144181631;-2.02320296256216;0.0;-169.25175162784998;-30.748248372150012;-20.0;-41.2999999999998
2025-03-25_13:58:38:655363;1742907518.655363;0.0;0.0;0.0;0.0;0.0;0.0;1742907474.7962875;0;0;0;0;0;0;0;0;0;0.0;0.0;0.0;0.0;0.0;-0.0;1742907518.5447137;0.11064934730529785;0.0;0.0;0.0;-0.0;613.5580145503675;1008.3016271963685;-20.0;-41.2999999999998;45.88779794237225;-2.021774048486059;0.0;-169.27283656761674;-30.72716343238327;-20.0;-41.4499999999998
2025-03-25_13:58:38:764721;1742907518.764721;0.0;0.0;0.0;0.0;0.0;0.0;1742907474.7962875;0;0;0;0;0;0;0;0;0;0.0;0.0;0.0;0.0;0.0;-0.0;1742907518.655363;0.10935783386230469;0.0;0.0;0.0;-0.0;613.8155162060793;1008.2336548720248;-20.0;-41.4499999999998;46.022847586823474;-2.020353517547068;0.0;-169.29458393339107;-30.70541606660894;-20.0;-41.599999999999795
