;current_time;tau_X;tau_N;controller_X_cmd;controller_N_cmd;PMARMAN_X;PMARMAN_N;distance_to_target;yaw_setpoint;target_north_from_observer;target_east_from_observer;lat;lon;height;previous_lat;previous_lon;previous_height;last_speed_update;current_course_over_ground;current_speed;current_fuel_capacity;current_orientation_1;current_orientation_2;current_orientation_3;current_rotational_velocities_1;current_rotational_velocities_2;current_rotational_velocities_3;observer_lat;observer_lon;observer_height;north_from_observer;east_from_observer;down_from_observer;previous_time;cycle_time;speed_n;speed_e;yaw_rad;yaw_deg_wrapped;speed_surge;speed_sway;north_error;east_error;current_angle;heading_error;yaw_setpoint_deg;current_angle_deg;heading_error_deg;drl_x_rel;drl_y_rel;drl_yaw_rel;drl_distance_to_target
2026-05-12_14:30:10:602086;1778589010.602086;0.0;0.0;0.0;0.0;0.0;0.0;10.005575796042335;0.0010252515137597884;10.0;0.0;59.9085196;10.719677683333334;0.0;59.9085196;10.719677683333334;0.0;1778589010.602086;-126.17;0.0;0.17;0.536;1.345;144.935;1.392;-3.23;0.476;59.90851965;10.719677866666666;0.0;-0.00557053740898953;-0.01025822993379004;1.9343037666388896e-09;1778589010.5339217;0.06816434860229492;0.0;0.0;2.529592951377982;144.93500000000003;0.0;-0.0;10.005570537408989;0.01025822993379004;2.529592951377982;-2.528567699864222;0.058742584677834726;144.93500000000003;-144.8762574153222;10.005570537408989;0.01025822993379004;-2.528567699864222;10.005575796042335
2026-05-12_14:30:13:755198;1778589013.7551987;110.22102355957031;-76.0;0.5511051177978515;-0.6608695652173913;0.5511051177978515;-0.6608695652173913;10.10971113180446;0.03873826202886692;10.0;0.15000000000000002;59.90851873333333;10.71967355;0.0;59.90851873333333;10.71967355;0.0;1778589013.7551987;-130.662;0.8802421529142695;0.17;0.218;0.724;146.974;-9.803;4.847;0.663;59.90851965;10.719677866666666;0.0;-0.10212649647613643;-0.24153469543042588;5.912997633195083e-09;1778589013.6187472;0.13645148277282715;0.0;0.0;2.565180214826146;146.97400000000002;0.0;-0.0;10.102126496476137;0.3915346954304259;2.565180214826146;-2.526441952797279;2.219538919925968;146.97400000000002;-144.75446108007404;10.102126496476137;0.3915346954304259;-2.526441952797279;10.10971113180446
2026-05-12_14:30:13:956032;1778589013.9560325;150.0;-76.0;0.75;-0.6608695652173913;0.75;-0.6608695652173913;10.127331800933087;0.05608033954582589;10.0;0.30000000000000004;59.90851865;10.719673083333333;0.0;59.90851865;10.719673083333333;0.0;1778589013.9560325;-134.606;0.0;0.17;-1.53;1.242;147.152;-10.521;1.989;1.525;59.90851965;10.719677866666666;0.0;-0.11141072228433667;-0.2676465550533536;7.407132622538892e-09;1778589013.9418666;0.014165878295898438;0.0;0.0;2.5682869008946962;147.15200000000002;0.0;-0.0;10.111410722284337;0.5676465550533536;2.5682869008946962;-2.5122065613488704;3.2131667696364317;147.15200000000002;-143.9388332303636;10.111410722284337;0.5676465550533536;-2.5122065613488704;10.127331800933087
2026-05-12_14:30:14:251859;1778589014.2518597;-26.680496215820312;-76.0;-0.13340248107910158;-0.6608695652173913;-0.13340248107910158;-0.6608695652173913;10.157816438191952;0.07153695721184654;10.0;0.45000000000000007;59.90851846666666;10.719672933333333;0.0;59.90851846666666;10.719672933333333;0.0;1778589014.2518597;-128.187;0.0;0.17;-2.348;0.944;147.584;5.053;-1.009;0.938;59.90851965;10.719677866666666;0.0;-0.13183602376319725;-0.27603965427310834;7.970193352524468e-09;1778589014.1538424;0.09801721572875977;0.0;0.0;2.5758267232633116;147.58400000000003;0.0;-0.0;10.131836023763197;0.7260396542731085;2.5758267232633116;-2.504289766051465;4.0987657274467635;147.58400000000003;-143.48523427255324;10.131836023763197;0.7260396542731085;-2.504289766051465;10.157816438191952
2026-05-12_14:30:14:451949;1778589014.4519494;150.0;-76.0;0.75;-0.6608695652173913;0.75;-0.6608695652173913;10.189106384882422;0.08718679235180146;10.0;0.6000000000000001;59.9085183;10.719672733333333;0.0;59.9085183;10.719672733333333;0.0;1778589014.451339;-117.435;0.0;0.17;-1.192;1.057;147.697;7.926;1.627;0.762;59.90851965;10.719677866666666;0.0;-0.1504044769967308;-0.2872304524848494;7.868580773062739e-09;1778589014.4352074;0.01674199104309082;0.0;0.0;2.577798945318065;147.69700000000003;0.0;-0.0;10.15040447699673;0.8872304524848496;2.577798945318065;-2.4906121529662637;4.995435231041709;147.69700000000003;-142.70156476895832;10.15040447699673;0.8872304524848496;-2.4906121529662637;10.189106384882422
2026-05-12_14:30:14:763282;1778589014.7632825;150.0;-76.0;0.75;-0.6608695652173913;0.75;-0.6608695652173913;10.211602604744185;0.10266722755827544;10.0;0.7500000000000001;59.90851823333333;10.719672566666667;0.0;59.90851823333333;10.719672566666667;0.0;1778589014.7632825;-110.939;0.0;0.17;0.313;1.68;147.78;4.629;2.301;0.24;59.90851965;10.719677866666666;0.0;-0.15783185778626302;-0.29655611706238155;8.981039162359039e-09;1778589014.6238756;0.13940691947937012;0.0;0.0;2.5792475685972196;147.77999999999997;0.0;-0.0;10.157831857786263;1.0465561170623816;2.5792475685972196;-2.476580341038944;5.8823988333983985;147.77999999999997;-141.89760116660156;10.157831857786263;1.0465561170623816;-2.476580341038944;10.211602604744185
2026-05-12_14:30:15:102638;1778589015.102639;150.0;-76.0;0.75;-0.6608695652173913;0.75;-0.6608695652173913;10.232627425624061;0.11793768162189516;10.0;0.9000000000000001;59.9085182;10.719672433333333;0.0;59.9085182;10.719672433333333;0.0;1778589015.102639;-106.946;0.0;0.17;0.499;1.244;147.618;-2.227;-3.542;-0.606;59.90851965;10.719677866666666;0.0;-0.1615455488536792;-0.30401664864140465;1.022387269289382e-08;1778589014.9732957;0.12934327125549316;0.0;0.0;2.5764201352089895;147.618;0.0;-0.0;10.16154554885368;1.2040166486414048;2.5764201352089895;-2.458482453587094;6.757331402492206;147.618;-140.86066859750778;10.16154554885368;1.2040166486414048;-2.458482453587094;10.232627425624061
2026-05-12_14:30:15:501532;1778589015.5015323;150.0;-76.0;0.75;-0.6608695652173913;0.75;-0.6608695652173913;10.24903868488272;0.13350874200536175;10.0;1.0500000000000003;59.90851823333333;10.71967225;0.0;59.90851823333333;10.71967225;0.0;1778589015.5015323;-116.432;0.0;0.17;-0.965;0.55;147.731;-1.47;0.563;1.647;59.90851965;10.719677866666666;0.0;-0.157831856230105;-0.3142748787467168;9.882803284066988e-09;1778589015.349923;0.1516094207763672;0.0;0.0;2.578392357263743;147.731;0.0;-0.0;10.157831856230105;1.3642748787467172;2.578392357263743;-2.4448836152583815;7.649487445008199;147.731;-140.08151255499183;10.157831856230105;1.3642748787467172;-2.4448836152583815;10.24903868488272
2026-05-12_14:30:15:791840;1778589015.791841;150.0;-76.0;0.75;-0.6608695652173913;0.75;-0.6608695652173913;10.279037716851532;0.1513414113412823;10.0;1.2000000000000002;59.9085182;10.719671616666666;0.0;59.9085182;10.719671616666666;0.0;1778589015.791841;-123.654;0.16512578171310952;0.17;-0.152;0.795;148.19;4.077;0.491;-0.042;59.90851965;10.719677866666666;0.0;-0.16154554452914138;-0.3497124026464661;1.2729860540683369e-08;1778589015.791841;0.0;-0.05855570970933566;-0.15439479475293622;2.586403418530397;148.19;-0.03162144906607723;0.16206976197096967;10.161545544529142;1.5497124026464664;2.586403418530397;-2.4350620071891145;8.671224135408806;148.19;-139.5187758645912;10.161545544529142;1.5497124026464664;-2.4350620071891145;10.279037716851532
2026-05-12_14:30:16:196893;1778589016.1968932;106.0234603881836;-76.0;0.530117301940918;-0.6608695652173913;0.530117301940918;-0.6608695652173913;10.317832325063899;0.16576467079333362;10.0;1.35;59.908518066666666;10.719671566666667;0.0;59.908518066666666;10.719671566666667;0.0;1778589016.0508296;155.734;0.10183797049141138;0.17;0.198;1.714;147.117;-1.566;4.82;-5.948;59.90851965;10.719677866666666;0.0;-0.17640030838396117;-0.3525101032464675;1.2559627893260483e-08;1778589016.0508296;0.14606356620788574;0.0;0.0;2.567676035656498;147.117;0.0;-0.0;10.176400308383961;1.7025101032464676;2.567676035656498;-2.4019113648631643;9.497616028833521;147.117;-137.61938397116649;10.176400308383961;1.7025101032464676;-2.4019113648631643;10.317832325063899
2026-05-12_14:30:16:394400;1778589016.3944004;150.0;-76.0;0.75;-0.6608695652173913;0.75;-0.6608695652173913;10.339491335373815;0.17784962996086434;10.0;1.5;59.908518066666666;10.719671983333333;0.0;59.908518066666666;10.719671983333333;0.0;1778589016.3944004;115.982;0.0;0.17;-0.449;2.689;145.358;-2.841;4.31;-10.615;59.90851965;10.719677866666666;0.0;-0.17640031035792916;-0.32919594292608056;1.1415750802989955e-08;1778589016.388041;0.0063593387603759766;0.0;0.0;2.5369756941139174;145.358;0.0;-0.0;10.176400310357929;1.8291959429260807;2.5369756941139174;-2.359126064153053;10.190033184720964;145.358;-135.16796681527902;10.176400310357929;1.8291959429260807;-2.359126064153053;10.339491335373815
2026-05-12_14:30:16:741459;1778589016.7414596;150.0;-76.0;0.75;-0.6608695652173913;0.75;-0.6608695652173913;10.373351944392848;0.17779691655906082;10.0;1.65;59.90851776666667;10.719674566666667;0.0;59.90851776666667;10.719674566666667;0.0;1778589016.7414596;109.613;15.861087854743605;0.17;-0.162;2.588;136.05;3.893;-4.011;-25.007;59.90851965;10.719677866666666;0.0;-0.20982354032447775;-0.18464815092022663;6.910411950999951e-09;1778589016.7355568;0.005902767181396484;0.0;0.0;2.374520447338286;136.05000000000004;0.0;-0.0;10.209823540324479;1.8346481509202266;2.374520447338286;-2.196723530779225;10.187012929273845;136.05000000000004;-125.86298707072619;10.209823540324479;1.8346481509202266;-2.196723530779225;10.373351944392848
2026-05-12_14:30:17:149970;1778589017.138209;150.0;-76.0;0.75;-0.6608695652173913;0.75;-0.6608695652173913;10.434248050735967;0.1623168381428819;10.0;1.7999999999999998;59.908516983333335;10.7196799;0.0;59.908516983333335;10.7196799;0.0;1778589017.138209;107.247;1.974440196727888;0.17;0.015;1.241;129.936;-0.018;-5.583;-24.773;59.90851965;10.719677866666666;0.0;-0.2970952819520274;0.11377310581030133;8.851092886397183e-09;1778589017.0509377;0.08727145195007324;-0.5744699424739147;1.9127605684612536;2.2678110168713523;129.936;1.835402421961622;-0.7873796139878226;10.297095281952027;1.6862268941896985;2.2678110168713523;-2.1054941787284704;9.30006976949523;129.936;-120.63593023050478;10.297095281952027;1.6862268941896985;-2.1054941787284704;10.434248050735967
2026-05-12_14:30:17:447777;1778589017.4406116;63.94462203979492;-76.0;0.3197231101989746;-0.6608695652173913;0.3197231101989746;-0.6608695652173913;10.482830828521616;0.15766952299101566;10.0;1.9499999999999997;59.90851648333334;10.7196833;0.0;59.90851648333334;10.7196833;0.0;1778589017.4406116;103.006;1.1273297095072188;0.17;-0.147;1.953;119.214;2.246;4.76;-20.69;59.90851965;10.719677866666666;0.0;-0.3528006374307514;0.3040166644170976;1.745110647655146e-08;1778589017.4406116;0.0;-0.31679286934392636;1.0819032081801359;2.08067681447252;119.214;1.0989062246999821;-0.2515499617437073;10.352800637430752;1.645983335582902;2.08067681447252;-1.9230072914815044;9.033798225226098;119.214;-110.1802017747739;10.352800637430752;1.645983335582902;-1.9230072914815044;10.482830828521616
2026-05-12_14:30:17:731981;1778589017.731981;150.0;-76.0;0.75;-0.6608695652173913;0.75;-0.6608695652173913;10.53010830426904;0.1281318841982252;10.0;2.0999999999999996;59.908515666666666;10.71969135;0.0;59.908515666666666;10.71969135;0.0;1778589017.731981;99.226;20.428392606070787;0.17;0.41;2.627;113.443;3.563;-0.198;-20.372;59.90851965;10.719677866666666;0.0;-0.4437860035586424;0.7544462807050761;6.028537355429187e-08;1778589017.7202442;0.011736869812011719;0.0;0.0;1.9799538633399276;113.44300000000003;0.0;-0.0;10.443786003558643;1.3455537192949234;1.9799538633399276;-1.8518219791417025;7.341416185617307;113.44300000000003;-106.10158381438272;10.443786003558643;1.3455537192949234;-1.8518219791417025;10.53010830426904
2026-05-12_14:30:18:059197;1778589018.0571973;82.10174560546875;-76.0;0.41050872802734373;-0.6608695652173913;0.41050872802734373;-0.6608695652173913;10.550226324765823;0.11771922126818626;10.0;2.2499999999999996;59.90851536666667;10.719695933333334;0.0;59.90851536666667;10.719695933333334;0.0;1778589018.048919;95.505;0.0;0.17;0.709;2.446;111.044;3.736;-2.355;-19.734;59.90851965;10.719677866666666;0.0;-0.47720916214781967;1.0109020715102632;9.821826321698701e-08;1778589017.9164042;0.1407930850982666;0.0;0.0;1.9380834145845833;111.044;0.0;-0.0;10.477209162147819;1.2390979284897363;1.9380834145845833;-1.820364193316397;6.744814546233751;111.044;-104.29918545376624;10.477209162147819;1.2390979284897363;-1.820364193316397;10.550226324765823
2026-05-12_14:30:18:374228;1778589018.3692465;69.88096618652344;-76.0;0.3494048309326172;-0.6608695652173913;0.3494048309326172;-0.6608695652173913;10.557882956430962;0.0827298512584465;10.0;2.3999999999999995;59.908514966666665;10.719705166666667;0.0;59.908514966666665;10.719705166666667;0.0;1778589018.273757;90.791;4.717732348990484;0.17;0.991;1.96;105.363;-0.654;1.055;-16.099;59.90851965;10.719677866666666;0.0;-0.5217732781184863;1.52754392341667;2.0484280732757654e-07;1778589018.2748613;0.09438514709472656;0.0;0.0;1.8389312597787857;105.36300000000001;0.0;-0.0;10.521773278118486;0.8724560765833296;1.8389312597787857;-1.7562014085203392;4.7400713168540465;105.36300000000001;-100.62292868314597;10.521773278118486;0.8724560765833296;-1.7562014085203392;10.557882956430962
2026-05-12_14:30:18:581991;1778589018.581991;74.28720092773438;-76.0;0.3714360046386719;-0.6608695652173913;0.3714360046386719;-0.6608695652173913;10.540767695180127;0.07326662239091643;10.0;2.5499999999999994;59.90851505;10.71970965;0.0;59.90851505;10.71970965;0.0;1778589018.576964;84.103;0.0;0.17;-0.036;3.52;98.845;0.268;-0.8;-17.956;59.90851965;10.719677866666666;0.0;-0.5124889388774018;1.7784043068204198;2.680044903224932e-07;1778589018.5291405;0.05285048484802246;0.0;0.0;1.7251706991337947;98.84499999999998;0.0;-0.0;10.512488938877402;0.7715956931795795;1.7251706991337947;-1.6519040767428783;4.197868242178208;98.84499999999998;-94.64713175782178;10.512488938877402;0.7715956931795795;-1.6519040767428783;10.540767695180127
2026-05-12_14:30:18:776586;1778589018.776586;37.04606628417969;-76.0;0.18523033142089843;-0.6608695652173913;0.18523033142089843;-0.6608695652173913;10.505301722152725;0.06273443441641958;10.0;2.6999999999999993;59.9085153;10.71971435;0.0;59.9085153;10.71971435;0.0;1778589018.7755928;82.323;0.0;0.17;-0.036;3.52;98.845;0.268;-0.8;-17.956;59.90851965;10.719677866666666;0.0;-0.484636119754793;2.041388043079876;3.4455700770319453e-07;1778589018.751997;0.024589061737060547;0.0;0.0;1.7251706991337947;98.84499999999998;0.0;-0.0;10.484636119754793;0.6586119569201232;1.7251706991337947;-1.6624362647173752;3.5944183222010997;98.84499999999998;-95.25058167779889;10.484636119754793;0.6586119569201232;-1.6624362647173752;10.505301722152725
2026-05-12_14:30:19:095441;1778589019.0944371;-89.19047546386719;-76.0;-0.44595237731933596;-0.6608695652173913;-0.44595237731933596;-0.6608695652173913;10.465155671212912;0.05162587217921117;10.0;2.849999999999999;59.9085156;10.71971915;0.0;59.9085156;10.71971915;0.0;1778589019.0944371;81.06;0.0;0.17;0.526;1.259;92.672;2.604;-6.144;-15.541;59.90851965;10.719677866666666;0.0;-0.451212741412125;2.3099671709380707;4.3396710816545614e-07;1778589018.9785519;0.11588525772094727;0.0;0.0;1.6174315244081852;92.67200000000001;0.0;-0.0;10.451212741412125;0.5400328290619285;1.6174315244081852;-1.565805652228974;2.957944589550654;92.67200000000001;-89.71405541044936;10.451212741412125;0.5400328290619285;-1.565805652228974;10.465155671212912
