;current_time;target_north_from_observer;target_east_from_observer;tau_X;tau_N;lat;lon;height;previous_lat;previous_lon;previous_height;last_speed_update;current_course_over_ground;current_speed;current_fuel_capacity;current_orientation_1;current_orientation_2;current_orientation_3;current_rotational_velocities_1;current_rotational_velocities_2;current_rotational_velocities_3;observer_lat;observer_lon;observer_height;north_from_observer;east_from_observer;down_from_observer;previous_time;cycle_time;speed_n;speed_e;speed_surge;speed_sway;n1;n2;north_error;east_error;distance_to_target;yaw_setpoint;current_angle
2025-12-11_14:30:13:917680;1765459813.91768;-20.0;-20.0;0.0;0.0;0.0;0.0;0.0;0.0;0.0;0.0;1765459809.3010263;0;0;0;0;0;0;0;0;0;59.908642666666665;10.71945885;0.0;0.0;0.0;0.0;1765459809.3053532;4.6123268604278564;0.0;0.0;0.0;-0.0;;;;;;;
2025-12-11_14:30:17:037361;1765459817.0373616;20.0;-20.0;196.71297093633447;3.2870290636655186;0.0;0.0;0.0;0.0;0.0;0.0;1765459809.3010263;0;0;0;0;0;0;0;0;0;0.0;0.0;0.0;-5403667.344084047;-1186335.5269152317;3220066.8878556937;1765459813.91768;3.1196815967559814;0.0;0.0;0.0;-0.0;918.5441656630594;880.4749728407069;5403687.344084047;1186315.5269152317;5532375.750255424;0.216109734626267;0.0
2025-12-11_14:30:17:152471;1765459817.1524718;19.99970348594013;-19.845983647398356;171.92933460783408;-28.070665392165925;0.0;0.0;0.0;0.0;0.0;0.0;1765459809.3010263;0;0;0;0;0;0;0;0;0;0.0;0.0;0.0;0.0;0.0;-0.0;1765459817.0373616;0.11511015892028809;0.0;0.0;0.0;-0.0;644.2513989972415;999.9644403134694;19.99970348594013;-19.845983647398356;28.175365240903776;-0.781540303563879;0.0
2025-12-11_14:30:17:268362;1765459817.2683625;19.99866599353326;-19.673321660090274;188.12250336164732;-11.877496638352692;0.0;0.0;0.0;0.0;0.0;0.0;1765459809.3010263;0;0;0;0;0;0;0;0;0;0.0;0.0;0.0;0.0;0.0;-0.0;1765459817.1524718;0.1158907413482666;0.0;0.0;0.0;-0.0;806.4690905477196;947.5584964133946;19.99866599353326;-19.673321660090274;28.053274793903842;-0.7771974893349105;0.0
2025-12-11_14:30:17:381116;1765459817.3811164;19.9968032629708;-19.494303704572992;188.13522460931225;-11.864775390687763;0.0;0.0;0.0;0.0;0.0;0.0;1765459809.3010263;0;0;0;0;0;0;0;0;0;0.0;0.0;0.0;0.0;0.0;-0.0;1765459817.2683625;0.11275386810302734;0.0;0.0;0.0;-0.0;806.5837028525508;947.5161872278769;19.9968032629708;-19.494303704572992;27.92669005922628;-0.7726744774901055;0.0
2025-12-11_14:30:17:489692;1765459817.4896922;19.994329687318412;-19.32650696953786;188.13993812571525;-11.860061874284758;0.0;0.0;0.0;0.0;0.0;0.0;1765459809.3010263;0;0;0;0;0;0;0;0;0;0.0;0.0;0.0;0.0;0.0;-0.0;1765459817.3811164;0.10857582092285156;0.0;0.0;0.0;-0.0;806.6261652267086;947.5005102166706;19.994329687318412;-19.32650696953786;27.80804004759735;-0.7684158564687281;0.0
2025-12-11_14:30:17:592871;1765459817.5928712;19.991260832393813;-19.16390369248251;188.1495437854073;-11.850456214592686;0.0;0.0;0.0;0.0;0.0;0.0;1765459809.3010263;0;0;0;0;0;0;0;0;0;0.0;0.0;0.0;0.0;0.0;-0.0;1765459817.4896922;0.1031789779663086;0.0;0.0;0.0;-0.0;806.7126922418549;947.468561283758;19.991260832393813;-19.16390369248251;27.693062568151394;-0.7642710899081391;0.0
2025-12-11_14:30:17:707332;1765459817.7073328;19.987816569296704;-19.01281915523047;188.1355639282537;-11.8644360717463;0.0;0.0;0.0;0.0;0.0;0.0;1765459809.3010263;0;0;0;0;0;0;0;0;0;0.0;0.0;0.0;0.0;0.0;-0.0;1765459817.5928712;0.11446166038513184;0.0;0.0;0.0;-0.0;806.5867597295353;947.5150586721334;19.987816569296704;-19.01281915523047;27.586230323067895;-0.7604038432965781;0.0
2025-12-11_14:30:17:812085;1765459817.8120854;19.983210927768205;-18.841188580658184;188.16274223703653;-11.837257762963477;0.0;0.0;0.0;0.0;0.0;0.0;1765459809.3010263;0;0;0;0;0;0;0;0;0;0.0;0.0;0.0;0.0;0.0;-0.0;1765459817.7073328;0.1047525405883789;0.0;0.0;0.0;-0.0;806.8315677051093;947.4246607773712;19.983210927768205;-18.841188580658184;27.464870400487946;-0.7559915748702333;0.0
2025-12-11_14:30:17:939066;1765459817.9383044;19.978274129080063;-18.681820323276174;188.14121141715066;-11.858788582849337;0.0;0.0;0.0;0.0;0.0;0.0;1765459809.3010263;0;0;0;0;0;0;0;0;0;0.0;0.0;0.0;0.0;0.0;-0.0;1765459817.8120854;0.1262190341949463;0.0;0.0;0.0;-0.0;806.6376354678661;947.4962752438514;19.978274129080063;-18.681820323276174;27.352181773449892;-0.7518760480101714;0.0
2025-12-11_14:30:18:041074;1765459818.0410748;19.971631305330853;-18.493782621699424;188.18934453799488;-11.810655462005103;0.0;0.0;0.0;0.0;0.0;0.0;1765459809.3010263;0;0;0;0;0;0;0;0;0;0.0;0.0;0.0;0.0;0.0;-0.0;1765459817.9383044;0.10277032852172852;0.0;0.0;0.0;-0.0;807.0711153904596;947.3361703910466;19.971631305330853;-18.493782621699424;27.219222117002957;-0.746996856359088;0.0
2025-12-11_14:30:18:180791;1765459818.168619;19.96557709940079;-18.34088966254472;188.15346183356166;-11.846538166438322;0.0;0.0;0.0;0.0;0.0;0.0;1765459809.3010263;0;0;0;0;0;0;0;0;0;0.0;0.0;0.0;0.0;0.0;-0.0;1765459818.0410748;0.12754416465759277;0.0;0.0;0.0;-0.0;806.7479830419413;947.4555293387326;19.96557709940079;-18.34088966254472;27.11111400377633;-0.7430106911656114;0.0
2025-12-11_14:30:18:289182;1765459818.2891824;19.956286431228975;-18.130461386976048;188.20203943027832;-11.797960569721681;0.0;0.0;0.0;0.0;0.0;0.0;1765459809.3010263;0;0;0;0;0;0;0;0;0;0.0;0.0;0.0;0.0;0.0;-0.0;1765459818.168619;0.12056350708007812;0.0;0.0;0.0;-0.0;807.1854049583975;947.293938952771;19.956286431228975;-18.130461386976048;26.962325534528418;-0.7374962440658658;0.0
2025-12-11_14:30:18:409620;1765459818.4085805;19.948411097040164;-17.96912560164877;188.18654578988622;-11.813454210113782;0.0;0.0;0.0;0.0;0.0;0.0;1765459809.3010263;0;0;0;0;0;0;0;0;0;0.0;0.0;0.0;0.0;0.0;-0.0;1765459818.2891824;0.11939811706542969;0.0;0.0;0.0;-0.0;807.0459166453891;947.3454805876249;19.948411097040164;-17.96912560164877;26.848250970674876;-0.7332457591663816;0.0
2025-12-11_14:30:18:516160;1765459818.5161605;19.93874844810781;-17.787225181188514;188.22199929233932;-11.778000707660695;0.0;0.0;0.0;0.0;0.0;0.0;1765459809.3010263;0;0;0;0;0;0;0;0;0;0.0;0.0;0.0;0.0;0.0;-0.0;1765459818.4085805;0.10757994651794434;0.0;0.0;0.0;-0.0;807.3650668755723;947.2275357097291;19.93874844810781;-17.787225181188514;26.719638270815498;-0.7284295811538835;0.0
2025-12-11_14:30:18:628499;1765459818.6284997;19.929678062550828;-17.629175286731005;188.21537842182806;-11.78462157817194;0.0;0.0;0.0;0.0;0.0;0.0;1765459809.3010263;0;0;0;0;0;0;0;0;0;0.0;0.0;0.0;0.0;0.0;-0.0;1765459818.5161605;0.11233925819396973;0.0;0.0;0.0;-0.0;807.3054757907088;947.2495627944177;19.929678062550828;-17.629175286731005;26.607891479168487;-0.7242239755495863;0.0
2025-12-11_14:30:18:743607;1765459818.7436073;19.91933615019572;-17.460984181286538;188.22882531799286;-11.77117468200714;0.0;0.0;0.0;0.0;0.0;0.0;1765459809.3010263;0;0;0;0;0;0;0;0;0;0.0;0.0;0.0;0.0;0.0;-0.0;1765459818.6284997;0.11510753631591797;0.0;0.0;0.0;-0.0;807.4264998528566;947.2048255546807;19.91933615019572;-17.460984181286538;26.488977353677374;-0.7197267924182216;0.0
2025-12-11_14:30:18:867911;1765459818.8519309;19.908004542631097;-17.288695254063864;188.2518678940739;-11.748132105926096;0.0;0.0;0.0;0.0;0.0;0.0;1765459809.3010263;0;0;0;0;0;0;0;0;0;0.0;0.0;0.0;0.0;0.0;-0.0;1765459818.7436073;0.10832357406616211;0.0;0.0;0.0;-0.0;807.6338442939369;947.1281589913801;19.908004542631097;-17.288695254063864;26.367169519258432;-0.7150964239213171;0.0
2025-12-11_14:30:18:976595;1765459818.9765956;19.894866209182695;-17.101785006005798;188.26258012864625;-11.73741987135375;0.0;0.0;0.0;0.0;0.0;0.0;1765459809.3010263;0;0;0;0;0;0;0;0;0;0.0;0.0;0.0;0.0;0.0;-0.0;1765459818.8519309;0.1246647834777832;0.0;0.0;0.0;-0.0;807.7302182700979;947.0925154547843;19.894866209182695;-17.101785006005798;26.235029099906182;-0.7100455915195009;0.0
2025-12-11_14:30:19:096776;1765459819.095778;19.882792797978063;-16.94012440881184;188.2636962466716;-11.73630375332839;0.0;0.0;0.0;0.0;0.0;0.0;1765459809.3010263;0;0;0;0;0;0;0;0;0;0.0;0.0;0.0;0.0;0.0;-0.0;1765459818.9765956;0.11918234825134277;0.0;0.0;0.0;-0.0;807.7402589059441;947.0888016432531;19.882792797978063;-16.94012440881184;26.120743948696234;-0.7056535832421095;0.0
2025-12-11_14:30:19:203931;1765459819.2039309;19.868476118978727;-16.75891808952277;188.30250411437288;-11.697495885627113;0.0;0.0;0.0;0.0;0.0;0.0;1765459809.3010263;0;0;0;0;0;0;0;0;0;0.0;0.0;0.0;0.0;0.0;-0.0;1765459819.095778;0.10815286636352539;0.0;0.0;0.0;-0.0;808.0892982252121;946.9596618814904;19.868476118978727;-16.75891808952277;25.99264662980208;-0.7007041928272972;0.0
2025-12-11_14:30:19:328389;1765459819.3273215;19.85525819000842;-16.60023609529038;188.28920030029622;-11.710799699703786;0.0;0.0;0.0;0.0;0.0;0.0;1765459809.3010263;0;0;0;0;0;0;0;0;0;0.0;0.0;0.0;0.0;0.0;-0.0;1765459819.2039309;0.12339067459106445;0.0;0.0;0.0;-0.0;807.9696602413082;947.003934562953;19.85525819000842;-16.60023609529038;25.880477511268566;-0.696346750697244;0.0
2025-12-11_14:30:19:435194;1765459819.4351943;19.838895568626043;-16.413581191200834;188.3385801520634;-11.661419847936598;0.0;0.0;0.0;0.0;0.0;0.0;1765459809.3010263;0;0;0;0;0;0;0;0;0;0.0;0.0;0.0;0.0;0.0;-0.0;1765459819.3273215;0.10787272453308105;0.0;0.0;0.0;-0.0;808.4136322083906;946.839596950176;19.838895568626043;-16.413581191200834;25.748542189859833;-0.6911928601220807;0.0
2025-12-11_14:30:19:550730;1765459819.5507305;19.82427577350927;-16.25472843234529;188.33226521779383;-11.667734782206173;0.0;0.0;0.0;0.0;0.0;0.0;1765459809.3010263;0;0;0;0;0;0;0;0;0;0.0;0.0;0.0;0.0;0.0;-0.0;1765459819.4351943;0.11553621292114258;0.0;0.0;0.0;-0.0;808.3568685238396;946.8606148294793;19.82427577350927;-16.25472843234529;25.636265452546727;-0.6867821266840016;0.0
2025-12-11_14:30:19:652542;1765459819.6525428;19.807527510838035;-16.08072028634432;188.37529356196896;-11.62470643803103;0.0;0.0;0.0;0.0;0.0;0.0;1765459809.3010263;0;0;0;0;0;0;0;0;0;0.0;0.0;0.0;0.0;0.0;-0.0;1765459819.5507305;0.10181236267089844;0.0;0.0;0.0;-0.0;808.743562815243;946.7173951427918;19.807527510838035;-16.08072028634432;25.513284990770032;-0.6819242642008868;0.0
2025-12-11_14:30:19:776003;1765459819.7748744;19.792427215295596;-15.930265817599121;188.3569489560716;-11.643051043928407;0.0;0.0;0.0;0.0;0.0;0.0;1765459809.3010263;0;0;0;0;0;0;0;0;0;0.0;0.0;0.0;0.0;0.0;-0.0;1765459819.6525428;0.12233161926269531;0.0;0.0;0.0;-0.0;808.5787230698157;946.7784577459656;19.792427215295596;-15.930265817599121;25.406958576188156;-0.6777014127682112;0.0
2025-12-11_14:30:19:883148;1765459819.883149;19.772985073722197;-15.74445557825191;188.41163884112848;-11.58836115887152;0.0;0.0;0.0;0.0;0.0;0.0;1765459809.3010263;0;0;0;0;0;0;0;0;0;0.0;0.0;0.0;0.0;0.0;-0.0;1765459819.7748744;0.10827445983886719;0.0;0.0;0.0;-0.0;809.0700526339958;946.5964031315762;19.772985073722197;-15.74445557825191;25.27565667161169;-0.6724568623615947;0.0
2025-12-11_14:30:20:046145;1765459820.0461457;19.75472612870275;-15.577133233768075;188.37183786983138;-11.628162130168608;0.0;0.0;0.0;0.0;0.0;0.0;1765459809.3010263;0;0;0;0;0;0;0;0;0;0.0;0.0;0.0;0.0;0.0;-0.0;1765459819.883149;0.16299676895141602;0.0;0.0;0.0;-0.0;808.7125134540769;946.7288982016197;19.75472612870275;-15.577133233768075;25.157429999954545;-0.6677059010656945;0.0
2025-12-11_14:30:20:149259;1765459820.1492596;19.728025159842545;-15.343389977793077;188.49209659969276;-11.507903400307239;0.0;0.0;0.0;0.0;0.0;0.0;1765459809.3010263;0;0;0;0;0;0;0;0;0;0.0;0.0;0.0;0.0;0.0;-0.0;1765459820.0461457;0.10311388969421387;0.0;0.0;0.0;-0.0;809.7923368364338;946.3285073777093;19.728025159842545;-15.343389977793077;24.99229066568372;-0.6610232839574799;0.0
2025-12-11_14:30:20:252140;1765459820.2521403;19.709722156061062;-15.189806003035542;188.47142023779318;-11.528579762206812;0.0;0.0;0.0;0.0;0.0;0.0;1765459809.3010263;0;0;0;0;0;0;0;0;0;0.0;0.0;0.0;0.0;0.0;-0.0;1765459820.1492596;0.10288071632385254;0.0;0.0;0.0;-0.0;809.6067828256364;946.3973595575756;19.709722156061062;-15.189806003035542;24.88379701490468;-0.6566028406439907;0.0
2025-12-11_14:30:20:364339;1765459820.3630488;19.690868817688404;-15.03664100663167;188.48261301017453;-11.517386989825479;0.0;0.0;0.0;0.0;0.0;0.0;1765459809.3010263;0;0;0;0;0;0;0;0;0;0.0;0.0;0.0;0.0;0.0;-0.0;1765459820.2521403;0.11090850830078125;0.0;0.0;0.0;-0.0;809.7072343928023;946.3600883044124;19.690868817688404;-15.03664100663167;24.775610740357756;-0.6521706914585974;0.0
2025-12-11_14:30:20:472986;1765459820.4729867;19.66963430957081;-14.869686779062867;188.51456992146638;-11.48543007853362;0.0;0.0;0.0;0.0;0.0;0.0;1765459809.3010263;0;0;0;0;0;0;0;0;0;0.0;0.0;0.0;0.0;0.0;-0.0;1765459820.3630488;0.10993790626525879;0.0;0.0;0.0;-0.0;809.9939689335358;946.2536656486991;19.66963430957081;-14.869686779062867;24.657698570217015;-0.6473120510309214;0.0
2025-12-11_14:30:20:580005;1765459820.580006;19.648402900623914;-14.708105497102427;188.5383817743803;-11.461618225619711;0.0;0.0;0.0;0.0;0.0;0.0;1765459809.3010263;0;0;0;0;0;0;0;0;0;0.0;0.0;0.0;0.0;0.0;-0.0;1765459820.4729867;0.10701918601989746;0.0;0.0;0.0;-0.0;810.2075556674448;946.1743598200629;19.648402900623914;-14.708105497102427;24.54359598467879;-0.6425820362220863;0.0
2025-12-11_14:30:20:682608;1765459820.6826084;19.626846136766176;-14.54903079690779;188.56650624367126;-11.43349375632875;0.0;0.0;0.0;0.0;0.0;0.0;1765459809.3010263;0;0;0;0;0;0;0;0;0;0.0;0.0;0.0;0.0;0.0;-0.0;1765459820.580006;0.10260248184204102;0.0;0.0;0.0;-0.0;810.4597530553897;946.0806821777225;19.626846136766176;-14.54903079690779;24.43127885325827;-0.6378983009534683;0.0
2025-12-11_14:30:20:806244;1765459820.8062446;19.60535443625656;-14.39501115268791;188.5647730485178;-11.4352269514822;0.0;0.0;0.0;0.0;0.0;0.0;1765459809.3010263;0;0;0;0;0;0;0;0;0;0.0;0.0;0.0;0.0;0.0;-0.0;1765459820.6826084;0.12363624572753906;0.0;0.0;0.0;-0.0;810.4442134387394;946.0864554130089;19.60535443625656;-14.39501115268791;24.322546508481675;-0.6333373705655473;0.0
2025-12-11_14:30:20:921520;1765459820.921521;19.57849639694301;-14.208400656367104;188.61980882277112;-11.380191177228875;0.0;0.0;0.0;0.0;0.0;0.0;1765459809.3010263;0;0;0;0;0;0;0;0;0;0.0;0.0;0.0;0.0;0.0;-0.0;1765459820.8062446;0.11527633666992188;0.0;0.0;0.0;-0.0;810.9375120885342;945.9031152430852;19.57849639694301;-14.208400656367104;24.19082822842086;-0.6277764305958069;0.0
